id,weight,originHubId,destinationHubId,priority
PKG-000001,134.37,WH-073,WH-037,STANDARD
PKG-000002,492.63,WH-098,WH-043,STANDARD
PKG-000003,220.1,WH-072,WH-042,STANDARD
PKG-000004,147.56,WH-095,WH-017,LOW
PKG-000005,205.94,WH-028,WH-073,URGENT
PKG-000006,,WH-077,WH-024,URGENT
PKG-000007,338.24,WH-065,WH-029,STANDARD
PKG-000008,426.3,WH-055,WH-018,LOW
PKG-000009,460.06,WH-073,WH-048,URGENT
PKG-000010,451.69,WH-038,WH-097,STANDARD
PKG-000011,283.33,WH-048,WH-068,STANDARD
PKG-000012,155.54,WH-061,WH-077,LOW
PKG-000013,323.45,WH-067,WH-008,URGENT
PKG-000014,433.76,WH-024,WH-090,LOW
PKG-000015,411.13,WH-054,WH-078,STANDARD
PKG-000016,157.1,WH-015,WH-030,LOW
PKG-000017,278.71,WH-047,WH-063,STANDARD
PKG-000018,315.63,WH-067,WH-019,URGENT
PKG-000019,264.28,WH-010,WH-057,URGENT
PKG-000020,424.29,WH-061,WH-010,URGENT
PKG-000021,336.94,WH-056,WH-044,LOW
PKG-000022,405.73,WH-048,WH-012,URGENT
PKG-000023,309.72,WH-082,WH-031,LOW
PKG-000024,155.7,WH-046,WH-036,LOW
PKG-000025,315.75,WH-015,WH-069,LOW
PKG-000026,351.82,WH-047,WH-060,STANDARD
PKG-000027,489.45,WH-013,WH-050,STANDARD
PKG-000028,387.16,WH-050,WH-022,LOW
PKG-000029,122.25,WH-052,WH-075,URGENT
PKG-000030,290.52,WH-029,WH-005,STANDARD
PKG-000031,232.08,WH-001,WH-083,STANDARD
PKG-000032,1.63,WH-086,WH-049,URGENT
PKG-000033,470.02,WH-054,WH-067,STANDARD
PKG-000034,411.33,WH-035,WH-081,STANDARD
PKG-000035,4.66,WH-036,WH-080,STANDARD
PKG-000036,264.64,WH-076,WH-073,URGENT
PKG-000037,,WH-024,WH-068,STANDARD
PKG-000038,450.61,WH-074,WH-002,URGENT
PKG-000039,405.190246591709,WH-044,WH-025,URGENT
PKG-000040,177.34,WH-004,WH-036,URGENT
PKG-000041,260.75,WH-022,WH-030,URGENT
PKG-000043,336.0,WH-024,WH-008,URGENT
PKG-000044,376.34,WH-099,WH-011,LOW
PKG-000045,153.52,WH-071,WH-090,LOW
PKG-000046,355.77,WH-046,WH-010,URGENT
PKG-000047,372.94,WH-042,WH-033,LOW
PKG-000048,164.66,WH-010,WH-027,STANDARD
PKG-000049,481.772541434724,WH-061,WH-006,STANDARD
PKG-000050,177.49,WH-090,WH-040,STANDARD
PKG-000051,233.35,WH-055,WH-030,STANDARD
PKG-000052,58.12,WH-093,WH-050,STANDARD
PKG-000053,208.05,WH-057,WH-006,STANDARD
PKG-000054,105.99,WH-069,WH-037,URGENT
PKG-000055,271.47,WH-039,WH-071,STANDARD
PKG-000057,448.02,WH-015,WH-060,LOW
PKG-000060,146.03,WH-036,WH-064,STANDARD
PKG-000061,362.47,WH-088,WH-039,LOW
PKG-000062,368.01,WH-080,WH-062,STANDARD
PKG-000063,344.89,WH-094,WH-059,STANDARD
PKG-000064,260.17,WH-064,WH-071,URGENT
PKG-000065,140.15,WH-037,WH-020,LOW
PKG-000066,197.52,WH-012,WH-050,URGENT
PKG-000067,160.1,WH-055,WH-050,STANDARD
PKG-000068,238.75,WH-061,WH-093,STANDARD
PKG-000069,487.04,WH-064,WH-071,URGENT
PKG-000070,361.75,WH-070,WH-021,URGENT
PKG-000071,37.11,WH-018,WH-089,STANDARD
PKG-000072,75.98,WH-017,WH-060,STANDARD
PKG-000073,17.63,WH-036,WH-062,LOW
PKG-000074,55.74,WH-046,WH-083,URGENT
PKG-000075,439.3,WH-044,WH-009,LOW
PKG-000076,298.89,WH-078,WH-021,LOW
PKG-000077,351.97,WH-065,WH-051,URGENT
PKG-000078,92.05,WH-041,WH-020,LOW
PKG-000079,300.35,WH-009,WH-007,LOW
PKG-000080,75.41,WH-084,WH-088,URGENT
PKG-000081,387.83,WH-005,WH-079,URGENT
PKG-000082,462.7,WH-006,WH-060,STANDARD
PKG-000083,474.39,WH-052,WH-040,LOW
PKG-000084,5.61,WH-004,WH-053,LOW
PKG-000085,65.42,WH-050,WH-090,LOW
PKG-000086,400.61,WH-016,WH-061,STANDARD
PKG-000087,211.709788918332,WH-050,WH-002,URGENT
PKG-000088,157.68,WH-054,WH-089,URGENT
PKG-000089,237.63,WH-084,WH-018,LOW
PKG-000090,,WH-045,WH-060,LOW
PKG-000091,,WH-077,WH-025,STANDARD
PKG-000092,,WH-089,WH-036,LOW
PKG-000093,200.52,WH-068,WH-016,LOW
PKG-000094,57.35,WH-090,WH-095,LOW
PKG-000095,,WH-047,WH-060,LOW
PKG-000096,,WH-032,WH-037,STANDARD
PKG-000097,123.78,WH-034,WH-017,LOW
PKG-000098,435.62,WH-002,WH-057,LOW
PKG-000099,321.3,WH-043,WH-014,URGENT
PKG-000100,127.71,WH-036,WH-095,URGENT
PKG-000101,107.7,WH-067,WH-018,URGENT
PKG-000102,162.91,WH-066,WH-009,URGENT
PKG-000103,296.73,WH-034,WH-040,STANDARD
PKG-000104,237.35,WH-100,WH-089,URGENT
PKG-000105,131.64,WH-089,WH-041,URGENT
PKG-000106,447.45,WH-093,WH-006,LOW
PKG-000107,159.37,WH-006,WH-033,LOW
PKG-000108,101.9,WH-065,WH-015,URGENT
PKG-000109,392.49,WH-071,WH-011,STANDARD
PKG-000110,242.21,WH-070,WH-062,URGENT
PKG-000111,78.44,WH-059,WH-098,LOW
PKG-000112,328.91,WH-069,WH-017,URGENT
PKG-000113,79.2,WH-018,WH-064,URGENT
PKG-000114,,WH-032,WH-011,STANDARD
PKG-000115,423.65,WH-038,WH-074,LOW
PKG-000116,122.245443203276,WH-041,WH-052,STANDARD
PKG-000117,444.4,WH-074,WH-023,URGENT
PKG-000118,93.88,WH-078,WH-038,STANDARD
PKG-000119,41.7897897223911,WH-016,WH-007,LOW
PKG-000120,252.5,WH-023,WH-088,LOW
PKG-000121,275.18,WH-042,WH-089,LOW
PKG-000122,362.52,WH-086,WH-051,LOW
PKG-000123,474.130914443099,WH-078,WH-096,URGENT
PKG-000124,158.68,WH-087,WH-061,STANDARD
PKG-000125,140.11,WH-087,WH-021,STANDARD
PKG-000126,169.76,WH-085,WH-096,LOW
PKG-000127,83.26,WH-069,WH-098,LOW
PKG-000128,288.18,WH-069,WH-036,STANDARD
PKG-000129,140.26,WH-053,WH-025,LOW
PKG-000130,22.29,WH-075,WH-055,STANDARD
PKG-000131,393.72,WH-091,WH-097,URGENT
PKG-000132,322.39,WH-016,WH-084,LOW
PKG-000133,411.849591862149,WH-063,WH-061,STANDARD
PKG-000134,129.97,WH-041,WH-054,URGENT
PKG-000135,272.0,WH-053,WH-073,STANDARD
PKG-000136,437.357881389892,WH-055,WH-051,URGENT
PKG-000137,497.27,WH-008,WH-072,LOW
PKG-000138,269.71,WH-076,WH-067,URGENT
PKG-000139,124.85,WH-002,WH-046,STANDARD
PKG-000140,347.81,WH-027,WH-018,STANDARD
PKG-000141,91.15,WH-093,WH-084,LOW
PKG-000142,466.99,WH-094,WH-009,STANDARD
PKG-000143,340.72,WH-100,WH-014,LOW
PKG-000145,427.23,WH-030,WH-024,URGENT
PKG-000146,413.97,WH-021,WH-022,STANDARD
PKG-000147,455.68,WH-060,WH-057,URGENT
PKG-000148,210.77,WH-092,WH-043,LOW
PKG-000149,497.84,WH-030,WH-057,URGENT
PKG-000150,,WH-018,WH-046,URGENT
PKG-000151,269.07,WH-088,WH-087,LOW
PKG-000152,240.1,WH-023,WH-039,LOW
PKG-000153,172.39,WH-048,WH-084,LOW
PKG-000155,497.65,WH-002,WH-032,URGENT
PKG-000156,80.23,WH-066,WH-082,STANDARD
PKG-000157,92.9,WH-069,WH-044,URGENT
PKG-000158,6.26,WH-034,WH-078,STANDARD
PKG-000159,385.04,WH-045,WH-033,LOW
PKG-000160,324.84,WH-088,WH-018,LOW
PKG-000161,92.55,WH-064,WH-059,URGENT
PKG-000162,15.42,WH-007,WH-030,STANDARD
PKG-000164,431.13,WH-084,WH-063,STANDARD
PKG-000166,167.7,WH-075,WH-001,LOW
PKG-000167,423.27,WH-015,WH-041,LOW
PKG-000168,187.75,WH-003,WH-067,URGENT
PKG-000169,27.79,WH-041,WH-076,STANDARD
PKG-000170,25.5885390746415,WH-008,WH-021,URGENT
PKG-000171,431.95,WH-007,WH-028,STANDARD
PKG-000172,22.68,WH-053,WH-004,LOW
PKG-000173,285.34,WH-095,WH-061,URGENT
PKG-000174,435.31,WH-045,WH-058,LOW
PKG-000175,344.25,WH-080,WH-049,STANDARD
PKG-000176,208.62,WH-003,WH-075,URGENT
PKG-000177,,WH-042,WH-052,STANDARD
PKG-000178,319.62,WH-068,WH-006,URGENT
PKG-000179,159.92,WH-092,WH-066,LOW
PKG-000180,112.01,WH-021,WH-048,STANDARD
PKG-000182,236.05,WH-096,WH-072,STANDARD
PKG-000183,389.727068196555,WH-022,WH-089,STANDARD
PKG-000184,168.52,WH-077,WH-007,STANDARD
PKG-000185,296.61,WH-010,WH-035,LOW
PKG-000186,334.74,WH-059,WH-036,URGENT
PKG-000187,299.79,WH-025,WH-083,STANDARD
PKG-000188,288.58,WH-086,WH-063,URGENT
PKG-000189,56.3,WH-067,WH-002,URGENT
PKG-000190,,WH-035,WH-019,URGENT
PKG-000191,39.85,WH-066,WH-032,URGENT
PKG-000192,141.68,WH-064,WH-073,LOW
PKG-000193,101.58,WH-040,WH-013,LOW
PKG-000194,337.45,WH-093,WH-021,URGENT
PKG-000195,,WH-057,WH-090,URGENT
PKG-000196,35.32,WH-089,WH-097,URGENT
PKG-000197,144.94,WH-005,WH-087,STANDARD
PKG-000198,339.98,WH-050,WH-035,URGENT
PKG-000199,281.07,WH-061,WH-008,LOW
PKG-000200,111.67,WH-098,WH-006,STANDARD
PKG-000201,101.35,WH-060,WH-042,LOW
PKG-000202,128.98,WH-046,WH-040,URGENT
PKG-000203,123.09,WH-009,WH-044,URGENT
PKG-000204,228.8394906717,WH-036,WH-052,STANDARD
PKG-000205,381.04,WH-074,WH-052,LOW
PKG-000206,452.63,WH-070,WH-085,URGENT
PKG-000207,40.86,WH-082,WH-079,STANDARD
PKG-000208,136.520160386625,WH-025,WH-002,STANDARD
PKG-000209,291.62,WH-088,WH-027,URGENT
PKG-000210,57.05,WH-002,WH-068,STANDARD
PKG-000211,404.66,WH-001,WH-086,URGENT
PKG-000212,57.38,WH-030,WH-051,URGENT
PKG-000213,460.04,WH-019,WH-027,URGENT
PKG-000214,188.14,WH-035,WH-052,STANDARD
PKG-000215,260.73,WH-009,WH-090,STANDARD
PKG-000216,265.31,WH-083,WH-050,URGENT
PKG-000217,278.2,WH-004,WH-020,LOW
PKG-000218,403.99,WH-067,WH-011,LOW
PKG-003069,,WH-003,WH-100,STANDARD
PKG-000219,353.53,WH-012,WH-083,STANDARD
PKG-000220,490.99,WH-091,WH-060,LOW
PKG-000221,343.7,WH-062,WH-079,LOW
PKG-000222,213.61,WH-030,WH-058,LOW
PKG-000223,280.86,WH-076,WH-078,URGENT
PKG-000224,233.33,WH-032,WH-013,URGENT
PKG-000225,173.87,WH-070,WH-024,STANDARD
PKG-000226,241.87,WH-057,WH-019,URGENT
PKG-000227,42.88,WH-037,WH-093,LOW
PKG-000228,89.72,WH-086,WH-065,STANDARD
PKG-000229,20.58,WH-032,WH-016,LOW
PKG-000230,203.21,WH-090,WH-014,LOW
PKG-000231,347.56,WH-030,WH-035,URGENT
PKG-000232,156.18,WH-099,WH-073,STANDARD
PKG-000233,121.08,WH-065,WH-099,LOW
PKG-000234,9.83,WH-058,WH-062,STANDARD
PKG-000235,281.87,WH-053,WH-055,LOW
PKG-000236,119.26,WH-092,WH-001,URGENT
PKG-000237,407.92,WH-053,WH-052,LOW
PKG-000238,19.96,WH-015,WH-097,URGENT
PKG-000239,68.37,WH-017,WH-018,LOW
PKG-000240,253.28,WH-008,WH-066,LOW
PKG-000241,330.26,WH-041,WH-067,STANDARD
PKG-000242,135.45,WH-050,WH-048,URGENT
PKG-000243,289.99,WH-088,WH-080,STANDARD
PKG-000244,449.063005019179,WH-049,WH-065,LOW
PKG-000245,119.24,WH-070,WH-053,STANDARD
PKG-000246,16.5745508721584,WH-017,WH-083,STANDARD
PKG-000247,211.07,WH-013,WH-048,URGENT
PKG-000248,95.46,WH-089,WH-002,LOW
PKG-000249,386.19,WH-099,WH-029,LOW
PKG-000250,306.37,WH-065,WH-080,URGENT
PKG-000251,241.7,WH-073,WH-016,LOW
PKG-000252,413.31,WH-011,WH-065,LOW
PKG-000253,497.94,WH-054,WH-045,STANDARD
PKG-000254,187.99,WH-020,WH-017,LOW
PKG-000255,114.37,WH-079,WH-082,URGENT
PKG-000256,,WH-083,WH-080,LOW
PKG-000257,476.17,WH-019,WH-093,STANDARD
PKG-000259,204.23,WH-036,WH-024,URGENT
PKG-000260,445.13,WH-064,WH-061,LOW
PKG-000261,134.28,WH-016,WH-067,URGENT
PKG-000263,262.5,WH-069,WH-074,URGENT
PKG-000264,156.04,WH-010,WH-032,STANDARD
PKG-000265,378.02,WH-065,WH-062,STANDARD
PKG-000266,51.51,WH-038,WH-089,LOW
PKG-000267,91.81,WH-026,WH-012,LOW
PKG-000268,355.06,WH-062,WH-037,LOW
PKG-000269,455.21,WH-074,WH-081,STANDARD
PKG-000270,,WH-002,WH-092,STANDARD
PKG-000271,60.9,WH-071,WH-054,LOW
PKG-000272,83.27,WH-081,WH-049,URGENT
PKG-000273,293.43,WH-008,WH-062,URGENT
PKG-000274,482.43,WH-093,WH-012,URGENT
PKG-000275,132.41,WH-020,WH-089,LOW
PKG-000277,387.78,WH-001,WH-073,LOW
PKG-000278,194.81,WH-080,WH-021,STANDARD
PKG-000279,31.81,WH-087,WH-035,STANDARD
PKG-000280,30.04,WH-035,WH-090,LOW
PKG-000281,226.97,WH-059,WH-008,URGENT
PKG-000282,73.07,WH-035,WH-100,LOW
PKG-000283,421.0,WH-032,WH-086,URGENT
PKG-000284,269.21,WH-044,WH-064,URGENT
PKG-000285,462.28,WH-035,WH-079,URGENT
PKG-000286,231.91,WH-078,WH-036,STANDARD
PKG-000287,472.97,WH-016,WH-050,STANDARD
PKG-000288,58.35,WH-071,WH-052,STANDARD
PKG-000289,266.84,WH-011,WH-080,LOW
PKG-000290,89.63,WH-083,WH-024,LOW
PKG-000291,288.67,WH-076,WH-091,URGENT
PKG-000293,321.19,WH-098,WH-044,URGENT
PKG-000294,,WH-025,WH-036,STANDARD
PKG-000295,465.71,WH-032,WH-040,LOW
PKG-000296,211.39,WH-037,WH-015,STANDARD
PKG-000297,445.91,WH-080,WH-020,URGENT
PKG-000298,252.35,WH-035,WH-072,LOW
PKG-000299,412.12,WH-026,WH-067,STANDARD
PKG-000300,251.56,WH-004,WH-007,LOW
PKG-000301,331.8,WH-067,WH-008,URGENT
PKG-000302,411.49,WH-029,WH-030,LOW
PKG-000303,437.3,WH-040,WH-043,LOW
PKG-000304,11.68,WH-081,WH-028,STANDARD
PKG-000305,110.52212542085,WH-009,WH-035,LOW
PKG-000306,357.83,WH-008,WH-066,STANDARD
PKG-000307,384.16,WH-012,WH-061,STANDARD
PKG-000308,145.37,WH-094,WH-063,STANDARD
PKG-000309,439.517391097686,WH-068,WH-069,STANDARD
PKG-000310,106.13,WH-052,WH-088,URGENT
PKG-000311,111.21,WH-031,WH-072,LOW
PKG-000312,196.91,WH-047,WH-048,LOW
PKG-000313,191.12,WH-070,WH-031,STANDARD
PKG-000315,51.32,WH-027,WH-049,STANDARD
PKG-000316,341.64,WH-005,WH-088,LOW
PKG-000317,84.66,WH-058,WH-098,URGENT
PKG-000318,280.22,WH-081,WH-007,LOW
PKG-000319,187.97,WH-033,WH-007,STANDARD
PKG-000321,59.74,WH-069,WH-015,URGENT
PKG-000322,355.48,WH-002,WH-080,URGENT
PKG-000323,424.78,WH-048,WH-033,URGENT
PKG-000324,280.47,WH-068,WH-092,STANDARD
PKG-000325,200.95,WH-073,WH-021,STANDARD
PKG-000326,70.32,WH-075,WH-070,LOW
PKG-000327,278.26,WH-096,WH-025,LOW
PKG-000328,165.52,WH-057,WH-040,URGENT
PKG-000329,201.53,WH-050,WH-079,STANDARD
PKG-000331,446.48,WH-061,WH-056,LOW
PKG-000332,224.96,WH-001,WH-009,LOW
PKG-000333,447.22,WH-018,WH-047,STANDARD
PKG-000334,104.18,WH-051,WH-057,LOW
PKG-000335,352.62,WH-045,WH-049,LOW
PKG-000336,469.44,WH-003,WH-082,STANDARD
PKG-000337,371.5,WH-017,WH-031,LOW
PKG-000338,467.58,WH-007,WH-079,STANDARD
PKG-000339,318.65,WH-081,WH-086,URGENT
PKG-000340,369.93,WH-067,WH-031,STANDARD
PKG-000341,438.59,WH-020,WH-027,STANDARD
PKG-000342,127.52,WH-070,WH-032,LOW
PKG-000343,115.04,WH-089,WH-067,LOW
PKG-000344,284.46,WH-050,WH-090,LOW
PKG-000345,272.668830709002,WH-082,WH-010,LOW
PKG-000346,190.57,WH-057,WH-064,STANDARD
PKG-000347,114.92,WH-050,WH-030,URGENT
PKG-000348,16.08,WH-074,WH-068,STANDARD
PKG-000350,154.72,WH-051,WH-017,URGENT
PKG-000351,157.94,WH-001,WH-057,URGENT
PKG-000352,454.23,WH-009,WH-020,URGENT
PKG-000353,180.45,WH-010,WH-070,URGENT
PKG-000354,402.37,WH-086,WH-041,URGENT
PKG-000355,195.67,WH-036,WH-021,STANDARD
PKG-000356,245.17,WH-076,WH-017,STANDARD
PKG-000357,444.43,WH-004,WH-001,LOW
PKG-000358,207.82,WH-097,WH-009,STANDARD
PKG-000359,61.94,WH-067,WH-049,STANDARD
PKG-000360,51.83,WH-099,WH-059,STANDARD
PKG-000361,482.17,WH-023,WH-096,STANDARD
PKG-000362,26.86,WH-073,WH-026,STANDARD
PKG-000363,184.45,WH-073,WH-018,STANDARD
PKG-000364,329.2,WH-025,WH-077,LOW
PKG-000366,276.42,WH-040,WH-062,URGENT
PKG-000367,487.19,WH-064,WH-046,URGENT
PKG-000369,128.01,WH-087,WH-049,LOW
PKG-000370,95.97,WH-072,WH-013,STANDARD
PKG-000371,494.66,WH-072,WH-077,STANDARD
PKG-000372,298.04,WH-100,WH-074,URGENT
PKG-000373,,WH-006,WH-084,STANDARD
PKG-000374,388.77,WH-100,WH-010,LOW
PKG-000375,394.58,WH-093,WH-019,URGENT
PKG-000376,459.51,WH-054,WH-045,URGENT
PKG-000377,308.11,WH-082,WH-058,STANDARD
PKG-000378,312.7,WH-014,WH-002,STANDARD
PKG-000379,424.5,WH-029,WH-078,STANDARD
PKG-000380,259.3,WH-022,WH-021,LOW
PKG-000381,153.01,WH-068,WH-069,STANDARD
PKG-000382,494.07,WH-059,WH-004,URGENT
PKG-000383,463.04,WH-086,WH-001,LOW
PKG-000384,,WH-003,WH-057,URGENT
PKG-000385,209.77,WH-082,WH-006,URGENT
PKG-000386,189.06,WH-042,WH-015,URGENT
PKG-000387,55.83,WH-060,WH-068,URGENT
PKG-000388,,WH-086,WH-003,URGENT
PKG-000389,240.81,WH-032,WH-013,URGENT
PKG-000391,17.4,WH-080,WH-091,URGENT
PKG-000392,20.51,WH-045,WH-007,LOW
PKG-000393,490.55,WH-070,WH-075,STANDARD
PKG-000394,124.44,WH-079,WH-058,LOW
PKG-000395,482.07,WH-014,WH-008,LOW
PKG-000396,316.9,WH-057,WH-001,URGENT
PKG-000397,160.26,WH-008,WH-083,LOW
PKG-000398,466.14,WH-028,WH-015,LOW
PKG-000399,38.31,WH-072,WH-052,LOW
PKG-000400,190.0,WH-061,WH-038,STANDARD
PKG-000401,380.78,WH-079,WH-043,LOW
PKG-000402,2.24,WH-032,WH-052,URGENT
PKG-000403,444.0,WH-056,WH-086,LOW
PKG-000404,32.95,WH-047,WH-084,LOW
PKG-000405,225.295814404173,WH-026,WH-019,LOW
PKG-000406,366.53,WH-074,WH-041,LOW
PKG-000407,86.3263518213215,WH-040,WH-015,LOW
PKG-000408,236.28,WH-014,WH-043,LOW
PKG-000409,14.56,WH-090,WH-055,LOW
PKG-000410,349.34,WH-001,WH-079,STANDARD
PKG-000411,248.89,WH-037,WH-070,URGENT
PKG-000412,378.33,WH-006,WH-025,LOW
PKG-000413,235.55,WH-077,WH-025,STANDARD
PKG-000414,477.35,WH-071,WH-031,STANDARD
PKG-000415,,WH-063,WH-075,STANDARD
PKG-000416,50.9,WH-073,WH-067,LOW
PKG-000417,39.95,WH-020,WH-067,LOW
PKG-000418,230.32,WH-098,WH-081,LOW
PKG-000419,341.9,WH-003,WH-002,STANDARD
PKG-000420,105.13,WH-022,WH-058,LOW
PKG-000421,197.38,WH-022,WH-012,URGENT
PKG-000422,298.58,WH-045,WH-076,STANDARD
PKG-000423,436.81,WH-044,WH-052,LOW
PKG-000424,64.6,WH-067,WH-053,URGENT
PKG-000425,258.66,WH-006,WH-019,STANDARD
PKG-000426,35.04,WH-064,WH-061,LOW
PKG-000427,31.36,WH-003,WH-080,LOW
PKG-000428,120.79,WH-013,WH-004,STANDARD
PKG-000429,421.7,WH-053,WH-069,LOW
PKG-000430,334.76,WH-055,WH-077,URGENT
PKG-000431,51.07,WH-082,WH-022,URGENT
PKG-000432,335.84,WH-082,WH-065,LOW
PKG-000433,229.52,WH-069,WH-061,STANDARD
PKG-000434,270.32,WH-055,WH-052,LOW
PKG-000435,16.1,WH-098,WH-025,LOW
PKG-000436,404.88,WH-043,WH-006,URGENT
PKG-000437,123.08,WH-088,WH-035,LOW
PKG-000439,106.88,WH-056,WH-062,LOW
PKG-000440,56.26,WH-086,WH-047,LOW
PKG-000441,413.53,WH-041,WH-074,URGENT
PKG-000442,309.04,WH-042,WH-091,URGENT
PKG-000443,426.14,WH-074,WH-046,URGENT
PKG-000445,201.49,WH-041,WH-021,URGENT
PKG-000446,438.54,WH-009,WH-069,URGENT
PKG-000447,188.54,WH-038,WH-015,STANDARD
PKG-000448,78.1,WH-009,WH-088,STANDARD
PKG-000449,433.71,WH-033,WH-071,STANDARD
PKG-000450,435.94,WH-070,WH-038,STANDARD
PKG-000451,194.64,WH-077,WH-096,LOW
PKG-000452,472.92,WH-058,WH-021,STANDARD
PKG-000453,114.61,WH-038,WH-092,LOW
PKG-000454,381.1,WH-075,WH-006,URGENT
PKG-000455,24.48,WH-008,WH-038,URGENT
PKG-000456,410.17,WH-068,WH-042,LOW
PKG-000457,388.71,WH-096,WH-042,STANDARD
PKG-000458,254.83,WH-026,WH-003,URGENT
PKG-000459,122.48,WH-039,WH-069,STANDARD
PKG-000461,347.24,WH-059,WH-062,STANDARD
PKG-000462,411.88,WH-080,WH-070,LOW
PKG-000463,,WH-059,WH-055,LOW
PKG-000464,311.53,WH-030,WH-017,LOW
PKG-000465,,WH-064,WH-046,STANDARD
PKG-000466,153.35,WH-052,WH-099,LOW
PKG-000467,137.21,WH-085,WH-096,STANDARD
PKG-000468,295.94,WH-085,WH-030,URGENT
PKG-000469,162.648865735888,WH-020,WH-047,STANDARD
PKG-000470,262.07,WH-048,WH-063,STANDARD
PKG-000471,304.77,WH-091,WH-069,LOW
PKG-000473,214.17,WH-096,WH-047,LOW
PKG-000474,446.78,WH-053,WH-081,URGENT
PKG-000475,490.79,WH-044,WH-043,URGENT
PKG-000476,351.6,WH-035,WH-019,URGENT
PKG-000477,,WH-074,WH-049,URGENT
PKG-000478,132.51,WH-057,WH-081,LOW
PKG-000479,111.31,WH-095,WH-035,URGENT
PKG-000480,446.46,WH-074,WH-038,LOW
PKG-000481,297.72,WH-083,WH-042,URGENT
PKG-000482,404.38,WH-092,WH-060,STANDARD
PKG-000483,74.41,WH-015,WH-055,LOW
PKG-000485,487.49,WH-027,WH-081,STANDARD
PKG-000486,307.86,WH-055,WH-021,LOW
PKG-000487,274.38,WH-026,WH-008,LOW
PKG-000488,115.97,WH-040,WH-050,LOW
PKG-000489,478.79,WH-037,WH-059,URGENT
PKG-000490,222.57,WH-038,WH-081,URGENT
PKG-000491,331.58,WH-029,WH-034,URGENT
PKG-000492,419.3,WH-035,WH-089,STANDARD
PKG-000493,,WH-035,WH-036,LOW
PKG-000494,172.84,WH-020,WH-090,URGENT
PKG-000495,,WH-099,WH-067,URGENT
PKG-000496,116.94,WH-073,WH-012,LOW
PKG-000497,444.53,WH-056,WH-018,URGENT
PKG-000498,161.629220982721,WH-002,WH-011,URGENT
PKG-000499,43.76,WH-076,WH-053,LOW
PKG-000500,282.38,WH-096,WH-015,URGENT
PKG-000501,280.38,WH-088,WH-035,LOW
PKG-000502,416.79,WH-099,WH-048,LOW
PKG-000503,165.7,WH-082,WH-016,STANDARD
PKG-000504,5.99,WH-015,WH-005,STANDARD
PKG-000505,130.92,WH-089,WH-045,LOW
PKG-000506,425.01,WH-018,WH-071,URGENT
PKG-000507,156.55,WH-067,WH-032,LOW
PKG-000508,82.28,WH-085,WH-097,URGENT
PKG-000509,80.34,WH-068,WH-080,URGENT
PKG-000510,,WH-070,WH-043,LOW
PKG-000511,23.87,WH-094,WH-077,URGENT
PKG-000512,155.42,WH-025,WH-055,URGENT
PKG-000513,323.52,WH-074,WH-089,LOW
PKG-000515,343.646472545631,WH-055,WH-044,STANDARD
PKG-000516,139.28,WH-071,WH-051,STANDARD
PKG-000517,279.85,WH-041,WH-097,URGENT
PKG-000518,471.52,WH-092,WH-030,LOW
PKG-000519,202.31,WH-095,WH-089,STANDARD
PKG-000520,323.76,WH-064,WH-013,URGENT
PKG-000521,266.15,WH-018,WH-034,STANDARD
PKG-000522,25.15,WH-100,WH-083,LOW
PKG-000523,196.94,WH-013,WH-016,LOW
PKG-000524,178.06,WH-043,WH-077,STANDARD
PKG-000525,69.26,WH-074,WH-021,STANDARD
PKG-000526,272.08,WH-047,WH-066,URGENT
PKG-000527,491.3,WH-054,WH-052,LOW
PKG-000528,183.2,WH-026,WH-054,URGENT
PKG-000530,439.12,WH-005,WH-083,URGENT
PKG-000531,361.54,WH-085,WH-067,LOW
PKG-000532,282.78,WH-075,WH-021,LOW
PKG-000533,139.29,WH-094,WH-078,LOW
PKG-000534,265.82,WH-020,WH-093,STANDARD
PKG-000535,342.59,WH-023,WH-033,URGENT
PKG-000536,488.68,WH-094,WH-093,LOW
PKG-000537,87.51,WH-084,WH-005,STANDARD
PKG-000538,351.76,WH-007,WH-023,STANDARD
PKG-000539,109.36,WH-049,WH-018,URGENT
PKG-000540,498.27,WH-098,WH-034,URGENT
PKG-000541,386.5,WH-027,WH-061,LOW
PKG-000542,375.14,WH-051,WH-081,STANDARD
PKG-000543,266.42,WH-037,WH-021,LOW
PKG-000544,402.25,WH-025,WH-085,LOW
PKG-000545,140.22,WH-012,WH-032,STANDARD
PKG-000546,299.14,WH-040,WH-025,URGENT
PKG-000547,483.48,WH-001,WH-100,LOW
PKG-000548,298.94,WH-065,WH-067,LOW
PKG-000549,161.2,WH-067,WH-034,LOW
PKG-000550,256.4,WH-039,WH-007,LOW
PKG-000551,42.19,WH-058,WH-017,LOW
PKG-000552,223.9,WH-025,WH-058,LOW
PKG-000553,56.05,WH-058,WH-070,STANDARD
PKG-000554,110.21,WH-033,WH-037,STANDARD
PKG-000555,80.75,WH-063,WH-043,LOW
PKG-000556,159.64,WH-050,WH-071,STANDARD
PKG-000557,371.4,WH-043,WH-034,URGENT
PKG-000558,288.72,WH-038,WH-095,STANDARD
PKG-000559,51.1451673004439,WH-052,WH-066,LOW
PKG-000560,181.53,WH-016,WH-052,LOW
PKG-000561,443.9,WH-005,WH-057,STANDARD
PKG-000562,35.95,WH-011,WH-093,STANDARD
PKG-000563,120.39,WH-080,WH-039,LOW
PKG-000564,363.28,WH-025,WH-080,URGENT
PKG-000565,168.34,WH-036,WH-035,LOW
PKG-000567,467.78,WH-064,WH-026,STANDARD
PKG-000568,494.6,WH-099,WH-064,STANDARD
PKG-000569,195.19,WH-052,WH-096,URGENT
PKG-000570,436.46,WH-007,WH-014,LOW
PKG-000571,265.74,WH-014,WH-096,URGENT
PKG-000572,,WH-076,WH-090,LOW
PKG-000573,15.46,WH-070,WH-015,LOW
PKG-000574,306.11,WH-009,WH-042,URGENT
PKG-000575,12.22,WH-088,WH-033,LOW
PKG-000576,276.13,WH-077,WH-032,URGENT
PKG-000577,446.16,WH-009,WH-077,URGENT
PKG-000578,,WH-043,WH-092,STANDARD
PKG-000579,336.72,WH-030,WH-007,URGENT
PKG-000580,420.55,WH-088,WH-050,URGENT
PKG-000581,401.41,WH-047,WH-023,LOW
PKG-000582,340.33,WH-091,WH-076,LOW
PKG-000583,350.39,WH-021,WH-095,URGENT
PKG-000584,300.03,WH-056,WH-001,STANDARD
PKG-000586,478.85,WH-097,WH-011,LOW
PKG-000587,438.64,WH-060,WH-017,URGENT
PKG-000588,231.21,WH-062,WH-096,URGENT
PKG-000589,386.84,WH-048,WH-011,LOW
PKG-000590,424.11,WH-035,WH-007,LOW
PKG-000591,291.56,WH-083,WH-039,LOW
PKG-000592,426.17,WH-072,WH-055,STANDARD
PKG-000593,480.27,WH-058,WH-015,LOW
PKG-000594,77.03,WH-036,WH-019,URGENT
PKG-000595,204.2,WH-049,WH-086,STANDARD
PKG-000596,231.26,WH-066,WH-092,STANDARD
PKG-000598,474.11,WH-054,WH-061,STANDARD
PKG-000599,365.16,WH-028,WH-001,LOW
PKG-000600,33.14,WH-074,WH-072,LOW
PKG-000601,37.08,WH-008,WH-015,URGENT
PKG-000602,164.03,WH-068,WH-078,LOW
PKG-000603,74.78,WH-015,WH-019,LOW
PKG-000604,141.23,WH-039,WH-045,LOW
PKG-000605,295.11,WH-093,WH-010,STANDARD
PKG-000606,,WH-039,WH-100,LOW
PKG-000607,211.5,WH-047,WH-020,LOW
PKG-000608,182.3,WH-083,WH-014,URGENT
PKG-000609,16.95,WH-030,WH-095,LOW
PKG-000610,129.3,WH-052,WH-097,URGENT
PKG-000611,237.85,WH-057,WH-020,LOW
PKG-000612,258.72,WH-042,WH-047,STANDARD
PKG-000613,111.87,WH-024,WH-007,URGENT
PKG-000614,264.47,WH-016,WH-042,URGENT
PKG-000615,25.73,WH-008,WH-078,URGENT
PKG-000616,155.27,WH-048,WH-030,STANDARD
PKG-000617,169.85,WH-030,WH-052,URGENT
PKG-000618,428.12,WH-036,WH-032,LOW
PKG-000619,165.45,WH-057,WH-013,LOW
PKG-000620,23.84,WH-084,WH-078,URGENT
PKG-000621,463.62,WH-040,WH-098,URGENT
PKG-000622,479.45,WH-059,WH-007,URGENT
PKG-000623,171.44,WH-096,WH-017,URGENT
PKG-000624,213.86,WH-030,WH-049,LOW
PKG-000625,423.92,WH-061,WH-015,STANDARD
PKG-000626,37.08,WH-043,WH-092,LOW
PKG-000627,323.13,WH-068,WH-019,STANDARD
PKG-000628,324.32,WH-029,WH-087,STANDARD
PKG-000629,332.45,WH-046,WH-086,STANDARD
PKG-000630,411.12,WH-017,WH-023,LOW
PKG-000631,98.11,WH-014,WH-004,LOW
PKG-000632,205.63,WH-033,WH-031,STANDARD
PKG-000633,214.46,WH-058,WH-092,LOW
PKG-000634,201.15,WH-096,WH-079,STANDARD
PKG-000635,445.18,WH-087,WH-074,LOW
PKG-000636,320.26,WH-074,WH-078,URGENT
PKG-000637,252.93,WH-064,WH-041,STANDARD
PKG-000638,391.81,WH-004,WH-054,URGENT
PKG-000639,146.93,WH-065,WH-062,URGENT
PKG-000640,255.53,WH-035,WH-093,LOW
PKG-000641,444.0,WH-090,WH-047,URGENT
PKG-000642,377.37,WH-076,WH-050,URGENT
PKG-000643,54.01,WH-065,WH-073,LOW
PKG-000644,55.6,WH-086,WH-072,LOW
PKG-000645,446.13,WH-089,WH-085,STANDARD
PKG-000646,390.73,WH-069,WH-097,LOW
PKG-000647,11.71,WH-078,WH-051,URGENT
PKG-000648,310.93,WH-065,WH-063,LOW
PKG-000649,262.29,WH-014,WH-037,LOW
PKG-000650,420.45,WH-005,WH-040,URGENT
PKG-000651,186.01,WH-020,WH-076,LOW
PKG-000652,39.18,WH-065,WH-073,LOW
PKG-000653,227.38,WH-037,WH-068,URGENT
PKG-000654,320.98,WH-004,WH-044,STANDARD
PKG-000656,377.18,WH-022,WH-058,STANDARD
PKG-000657,244.68,WH-042,WH-006,STANDARD
PKG-000658,49.05,WH-031,WH-028,STANDARD
PKG-000659,350.23,WH-083,WH-071,URGENT
PKG-000660,282.42,WH-026,WH-084,STANDARD
PKG-000661,176.3,WH-029,WH-047,URGENT
PKG-000662,132.8,WH-006,WH-025,URGENT
PKG-000663,119.73,WH-085,WH-056,LOW
PKG-000664,220.27,WH-071,WH-052,STANDARD
PKG-000666,357.83,WH-067,WH-007,STANDARD
PKG-000667,324.15,WH-009,WH-088,STANDARD
PKG-000668,344.25,WH-041,WH-032,LOW
PKG-000669,163.38,WH-081,WH-020,LOW
PKG-000670,194.57,WH-013,WH-048,STANDARD
PKG-000671,362.67,WH-095,WH-043,LOW
PKG-000672,306.06,WH-038,WH-036,LOW
PKG-000673,81.05,WH-079,WH-069,LOW
PKG-000674,419.75,WH-100,WH-069,STANDARD
PKG-000675,66.57,WH-096,WH-089,STANDARD
PKG-000676,98.73,WH-097,WH-064,LOW
PKG-000677,152.86,WH-050,WH-092,LOW
PKG-000678,69.41,WH-016,WH-023,LOW
PKG-000679,489.34,WH-037,WH-080,LOW
PKG-000680,299.14,WH-094,WH-047,STANDARD
PKG-000681,21.92,WH-087,WH-028,STANDARD
PKG-000682,457.77,WH-097,WH-098,LOW
PKG-000683,285.81,WH-082,WH-043,LOW
PKG-000684,497.057347943492,WH-013,WH-036,STANDARD
PKG-000685,196.15,WH-081,WH-034,LOW
PKG-000686,37.66,WH-046,WH-048,LOW
PKG-000687,,WH-040,WH-035,URGENT
PKG-000688,426.88,WH-016,WH-073,STANDARD
PKG-000689,386.4,WH-096,WH-097,LOW
PKG-000690,384.43,WH-076,WH-079,URGENT
PKG-000691,272.07,WH-004,WH-045,URGENT
PKG-000692,208.39,WH-001,WH-044,STANDARD
PKG-000693,214.68,WH-041,WH-005,LOW
PKG-000694,74.16,WH-098,WH-056,URGENT
PKG-000695,342.68,WH-011,WH-018,STANDARD
PKG-000696,141.75,WH-057,WH-075,URGENT
PKG-000697,49.05,WH-003,WH-002,STANDARD
PKG-000698,180.97,WH-062,WH-018,STANDARD
PKG-000699,498.55,WH-027,WH-004,URGENT
PKG-000700,446.7,WH-080,WH-006,LOW
PKG-000701,291.15,WH-038,WH-074,URGENT
PKG-000702,81.4,WH-014,WH-023,URGENT
PKG-000703,397.57,WH-004,WH-098,URGENT
PKG-000704,3.68,WH-029,WH-059,LOW
PKG-000705,,WH-072,WH-032,LOW
PKG-000706,8.03,WH-032,WH-017,URGENT
PKG-000707,26.4,WH-049,WH-057,LOW
PKG-000708,387.69,WH-002,WH-035,LOW
PKG-000709,96.98,WH-078,WH-033,URGENT
PKG-000710,248.21,WH-097,WH-068,LOW
PKG-000711,189.48,WH-067,WH-037,URGENT
PKG-000712,23.1539370713551,WH-065,WH-068,URGENT
PKG-000714,229.839759299563,WH-080,WH-070,STANDARD
PKG-000715,386.37,WH-023,WH-044,STANDARD
PKG-000716,349.84,WH-044,WH-089,URGENT
PKG-000717,291.21,WH-066,WH-008,LOW
PKG-000718,210.57,WH-040,WH-094,URGENT
PKG-000719,381.32,WH-084,WH-014,LOW
PKG-000720,279.81,WH-006,WH-072,LOW
PKG-000721,238.8,WH-089,WH-053,STANDARD
PKG-000722,210.79,WH-020,WH-011,URGENT
PKG-000723,149.26,WH-019,WH-047,STANDARD
PKG-000724,179.49,WH-052,WH-090,URGENT
PKG-000725,362.8,WH-085,WH-051,STANDARD
PKG-000726,259.25,WH-020,WH-047,LOW
PKG-000727,433.12,WH-057,WH-044,URGENT
PKG-000728,487.64,WH-057,WH-050,LOW
PKG-000729,130.88,WH-012,WH-074,LOW
PKG-000730,102.88,WH-027,WH-094,LOW
PKG-000732,19.8,WH-003,WH-050,LOW
PKG-000733,124.44,WH-026,WH-035,URGENT
PKG-000734,26.58,WH-036,WH-042,STANDARD
PKG-000735,484.86,WH-014,WH-071,URGENT
PKG-000736,198.28,WH-048,WH-005,STANDARD
PKG-000737,22.64,WH-099,WH-090,STANDARD
PKG-000738,11.43,WH-021,WH-094,LOW
PKG-000739,120.02,WH-027,WH-036,STANDARD
PKG-000740,419.04,WH-081,WH-059,STANDARD
PKG-000741,240.39,WH-089,WH-092,URGENT
PKG-000742,80.09,WH-057,WH-065,STANDARD
PKG-000743,486.04,WH-030,WH-042,LOW
PKG-000744,403.47,WH-045,WH-008,URGENT
PKG-000745,443.2,WH-006,WH-002,LOW
PKG-000746,140.9,WH-051,WH-054,LOW
PKG-000747,82.34,WH-054,WH-089,URGENT
PKG-000748,91.63,WH-008,WH-092,LOW
PKG-000749,57.18,WH-039,WH-066,URGENT
PKG-000750,494.86,WH-096,WH-091,STANDARD
PKG-000751,373.93,WH-092,WH-039,STANDARD
PKG-000752,151.09,WH-004,WH-020,STANDARD
PKG-000753,376.79,WH-079,WH-048,URGENT
PKG-000754,60.33,WH-038,WH-048,LOW
PKG-000755,470.94,WH-044,WH-002,URGENT
PKG-000756,296.36,WH-042,WH-087,URGENT
PKG-000757,282.06,WH-086,WH-073,STANDARD
PKG-000758,435.19,WH-093,WH-064,LOW
PKG-000759,71.5,WH-033,WH-083,STANDARD
PKG-000760,356.75,WH-035,WH-094,LOW
PKG-000761,299.91,WH-099,WH-014,STANDARD
PKG-000762,218.92,WH-044,WH-007,LOW
PKG-000763,383.46,WH-078,WH-053,STANDARD
PKG-000764,90.8,WH-014,WH-023,URGENT
PKG-000765,362.53,WH-065,WH-011,STANDARD
PKG-000766,105.62,WH-092,WH-037,URGENT
PKG-000767,101.77,WH-066,WH-064,URGENT
PKG-000768,232.05,WH-046,WH-060,LOW
PKG-000769,256.98,WH-068,WH-030,LOW
PKG-000770,443.8,WH-097,WH-089,LOW
PKG-000771,9.08,WH-035,WH-037,STANDARD
PKG-000772,14.02,WH-094,WH-056,LOW
PKG-000773,434.3,WH-025,WH-014,URGENT
PKG-000774,142.51,WH-084,WH-082,URGENT
PKG-000775,11.15,WH-011,WH-058,STANDARD
PKG-000776,186.04,WH-017,WH-031,URGENT
PKG-000777,474.99,WH-007,WH-042,LOW
PKG-000778,198.49,WH-069,WH-065,LOW
PKG-000779,136.64,WH-078,WH-042,LOW
PKG-000780,297.82,WH-011,WH-068,URGENT
PKG-000781,129.88,WH-006,WH-071,LOW
PKG-000782,49.5,WH-014,WH-038,LOW
PKG-000783,444.24,WH-012,WH-051,LOW
PKG-000784,271.56,WH-001,WH-070,STANDARD
PKG-000785,180.87,WH-029,WH-061,URGENT
PKG-000786,54.07,WH-092,WH-013,LOW
PKG-000787,419.9,WH-034,WH-041,URGENT
PKG-000788,317.98,WH-003,WH-049,LOW
PKG-000789,38.58,WH-026,WH-072,STANDARD
PKG-000790,222.26,WH-089,WH-016,STANDARD
PKG-000791,343.45,WH-090,WH-096,STANDARD
PKG-000792,63.8,WH-076,WH-070,LOW
PKG-000793,396.0,WH-069,WH-059,LOW
PKG-000794,42.26,WH-098,WH-084,URGENT
PKG-000795,461.79,WH-025,WH-083,URGENT
PKG-000796,363.99,WH-013,WH-069,STANDARD
PKG-000797,264.58,WH-047,WH-018,STANDARD
PKG-000798,344.18,WH-008,WH-041,STANDARD
PKG-000799,83.62,WH-068,WH-012,STANDARD
PKG-000800,284.67,WH-072,WH-039,STANDARD
PKG-000801,439.72,WH-047,WH-042,LOW
PKG-000802,467.3,WH-012,WH-042,URGENT
PKG-000803,297.28,WH-091,WH-013,STANDARD
PKG-000804,117.53,WH-053,WH-067,STANDARD
PKG-000805,463.1,WH-062,WH-038,URGENT
PKG-000806,105.94,WH-089,WH-020,STANDARD
PKG-000807,303.39,WH-054,WH-057,STANDARD
PKG-000808,82.35,WH-002,WH-074,STANDARD
PKG-000809,283.55,WH-072,WH-093,LOW
PKG-000810,77.07,WH-081,WH-025,URGENT
PKG-000811,408.47,WH-094,WH-054,URGENT
PKG-000812,79.56,WH-013,WH-064,STANDARD
PKG-000813,491.97,WH-005,WH-009,URGENT
PKG-000814,388.62,WH-094,WH-010,URGENT
PKG-000816,458.2,WH-088,WH-033,URGENT
PKG-000817,151.93,WH-036,WH-014,URGENT
PKG-000818,230.16,WH-087,WH-012,STANDARD
PKG-000819,172.91,WH-081,WH-016,LOW
PKG-000820,29.86,WH-049,WH-096,STANDARD
PKG-000821,400.53,WH-024,WH-061,STANDARD
PKG-000822,,WH-073,WH-030,URGENT
PKG-000823,446.56,WH-053,WH-036,LOW
PKG-000824,134.421350092752,WH-041,WH-070,URGENT
PKG-000825,46.35,WH-017,WH-056,STANDARD
PKG-000826,139.0,WH-063,WH-012,STANDARD
PKG-000827,141.840428040473,WH-082,WH-051,STANDARD
PKG-000828,482.814400053246,WH-015,WH-062,LOW
PKG-000829,373.2,WH-090,WH-049,URGENT
PKG-000830,164.19,WH-071,WH-017,LOW
PKG-000831,442.588725791982,WH-048,WH-078,URGENT
PKG-000832,117.76,WH-055,WH-045,LOW
PKG-000833,347.69,WH-071,WH-095,URGENT
PKG-000834,399.92,WH-086,WH-060,STANDARD
PKG-000835,48.47,WH-088,WH-059,URGENT
PKG-000836,400.21,WH-061,WH-024,URGENT
PKG-000837,230.05,WH-051,WH-057,LOW
PKG-000838,96.44,WH-077,WH-022,URGENT
PKG-000839,212.26,WH-002,WH-059,URGENT
PKG-000840,445.25,WH-076,WH-026,LOW
PKG-000841,63.53,WH-077,WH-051,LOW
PKG-000842,381.97,WH-024,WH-098,LOW
PKG-000843,371.38832475831,WH-077,WH-075,STANDARD
PKG-000844,38.74,WH-036,WH-024,LOW
PKG-000845,,WH-079,WH-026,LOW
PKG-000846,394.94,WH-075,WH-013,URGENT
PKG-000847,82.26,WH-086,WH-049,URGENT
PKG-000848,,WH-059,WH-087,LOW
PKG-000849,190.68,WH-068,WH-065,LOW
PKG-000850,310.73,WH-039,WH-081,STANDARD
PKG-000851,52.25,WH-049,WH-021,LOW
PKG-000852,48.0,WH-069,WH-035,LOW
PKG-000853,327.48,WH-024,WH-034,LOW
PKG-000854,350.13,WH-006,WH-067,STANDARD
PKG-000855,154.79,WH-058,WH-064,URGENT
PKG-000856,180.14,WH-053,WH-003,LOW
PKG-000857,215.73,WH-053,WH-020,LOW
PKG-000858,62.86,WH-022,WH-082,STANDARD
PKG-000859,,WH-022,WH-003,STANDARD
PKG-000860,449.43,WH-068,WH-040,LOW
PKG-000861,32.64,WH-026,WH-022,URGENT
PKG-000862,137.38,WH-010,WH-069,STANDARD
PKG-000863,150.42,WH-022,WH-003,STANDARD
PKG-000864,60.9,WH-058,WH-078,LOW
PKG-000865,277.2,WH-012,WH-065,STANDARD
PKG-000866,55.17,WH-021,WH-001,STANDARD
PKG-000867,193.44,WH-097,WH-004,LOW
PKG-000868,246.79,WH-015,WH-097,STANDARD
PKG-000869,291.15,WH-064,WH-058,URGENT
PKG-000870,85.54,WH-002,WH-090,STANDARD
PKG-000871,52.29,WH-042,WH-066,URGENT
PKG-000872,288.25,WH-063,WH-094,URGENT
PKG-000873,,WH-004,WH-065,URGENT
PKG-000874,25.67,WH-014,WH-023,LOW
PKG-000875,315.44,WH-044,WH-011,LOW
PKG-000876,141.69,WH-062,WH-046,LOW
PKG-000877,108.174566758903,WH-046,WH-076,URGENT
PKG-000878,464.74,WH-037,WH-063,URGENT
PKG-000879,205.78,WH-029,WH-057,LOW
PKG-000880,388.77,WH-051,WH-091,STANDARD
PKG-000881,457.09,WH-055,WH-063,LOW
PKG-000882,366.27,WH-099,WH-052,STANDARD
PKG-000883,174.76,WH-034,WH-039,STANDARD
PKG-000884,416.5,WH-045,WH-025,STANDARD
PKG-000885,299.41,WH-077,WH-096,LOW
PKG-000886,336.36,WH-010,WH-079,STANDARD
PKG-000887,233.95,WH-078,WH-042,STANDARD
PKG-000888,116.48,WH-082,WH-003,URGENT
PKG-000889,11.29,WH-081,WH-094,LOW
PKG-000890,63.32,WH-065,WH-023,URGENT
PKG-000891,41.58,WH-075,WH-089,LOW
PKG-000892,16.91,WH-009,WH-084,LOW
PKG-000893,65.61,WH-042,WH-080,URGENT
PKG-000894,262.07,WH-081,WH-018,LOW
PKG-000895,250.67,WH-042,WH-047,LOW
PKG-000896,92.4090678196991,WH-080,WH-029,URGENT
PKG-000897,266.54,WH-086,WH-032,STANDARD
PKG-000898,158.22,WH-092,WH-063,LOW
PKG-000899,398.38,WH-016,WH-086,STANDARD
PKG-000900,315.61,WH-038,WH-047,STANDARD
PKG-000901,309.6,WH-052,WH-071,LOW
PKG-000902,484.65,WH-017,WH-019,URGENT
PKG-000903,468.07,WH-094,WH-069,URGENT
PKG-000904,319.84,WH-089,WH-044,LOW
PKG-000905,308.92,WH-023,WH-012,STANDARD
PKG-000906,305.97,WH-003,WH-006,STANDARD
PKG-000907,6.51,WH-051,WH-053,URGENT
PKG-000908,154.32,WH-007,WH-015,STANDARD
PKG-000909,340.02,WH-021,WH-037,LOW
PKG-000910,166.86,WH-005,WH-002,STANDARD
PKG-000911,114.05,WH-082,WH-088,URGENT
PKG-000912,250.199308721498,WH-027,WH-070,URGENT
PKG-000913,193.01,WH-042,WH-052,STANDARD
PKG-000914,219.99,WH-099,WH-067,LOW
PKG-000915,484.44,WH-013,WH-083,STANDARD
PKG-000916,477.21,WH-100,WH-073,URGENT
PKG-000918,420.74,WH-021,WH-063,URGENT
PKG-000919,167.33,WH-041,WH-087,URGENT
PKG-000920,374.599784315407,WH-100,WH-022,URGENT
PKG-000921,255.37,WH-021,WH-013,STANDARD
PKG-000922,55.8038911296575,WH-060,WH-063,URGENT
PKG-000924,161.06,WH-083,WH-034,URGENT
PKG-000925,356.42,WH-020,WH-022,STANDARD
PKG-000926,242.8,WH-021,WH-067,LOW
PKG-000927,75.95,WH-066,WH-063,STANDARD
PKG-000928,424.15,WH-047,WH-020,LOW
PKG-000929,344.26,WH-096,WH-023,LOW
PKG-000930,288.06,WH-047,WH-067,STANDARD
PKG-000931,214.06,WH-053,WH-046,URGENT
PKG-000932,290.14,WH-029,WH-086,STANDARD
PKG-000933,478.8,WH-054,WH-023,URGENT
PKG-000934,117.3,WH-085,WH-096,STANDARD
PKG-000935,405.92,WH-063,WH-065,LOW
PKG-000936,98.35,WH-016,WH-052,STANDARD
PKG-000937,378.98,WH-042,WH-008,URGENT
PKG-000938,345.47,WH-047,WH-045,LOW
PKG-000939,218.315705013556,WH-087,WH-052,URGENT
PKG-000940,415.97,WH-084,WH-019,STANDARD
PKG-000941,314.02,WH-040,WH-055,LOW
PKG-000942,349.31,WH-065,WH-001,URGENT
PKG-000943,171.8,WH-072,WH-060,LOW
PKG-000944,134.82,WH-072,WH-069,URGENT
PKG-000945,444.98,WH-039,WH-006,URGENT
PKG-000946,,WH-096,WH-044,STANDARD
PKG-000947,,WH-061,WH-048,STANDARD
PKG-000948,116.1,WH-094,WH-045,STANDARD
PKG-000949,404.96,WH-008,WH-062,URGENT
PKG-000950,235.55,WH-073,WH-074,LOW
PKG-000951,425.69,WH-016,WH-003,STANDARD
PKG-000952,351.17,WH-004,WH-084,LOW
PKG-000953,414.04,WH-040,WH-052,STANDARD
PKG-000954,399.35,WH-021,WH-061,URGENT
PKG-000956,248.02,WH-044,WH-006,URGENT
PKG-000957,218.21,WH-020,WH-050,STANDARD
PKG-000958,280.23,WH-020,WH-051,URGENT
PKG-000959,387.75,WH-082,WH-055,STANDARD
PKG-000960,9.35,WH-018,WH-074,URGENT
PKG-000961,380.86,WH-030,WH-011,LOW
PKG-000962,307.0,WH-010,WH-045,LOW
PKG-000963,337.04,WH-096,WH-015,STANDARD
PKG-000964,284.31,WH-035,WH-046,URGENT
PKG-000965,438.38,WH-025,WH-086,LOW
PKG-000966,57.84,WH-064,WH-012,STANDARD
PKG-000967,346.94,WH-026,WH-008,LOW
PKG-000968,94.74,WH-039,WH-008,LOW
PKG-000969,214.24,WH-036,WH-004,STANDARD
PKG-000970,487.17,WH-078,WH-083,LOW
PKG-000971,421.51,WH-074,WH-039,URGENT
PKG-000972,318.59,WH-065,WH-008,LOW
PKG-000973,357.82,WH-035,WH-031,LOW
PKG-000974,307.21,WH-077,WH-078,LOW
PKG-000975,467.0,WH-080,WH-036,URGENT
PKG-000976,168.01,WH-037,WH-091,STANDARD
PKG-000979,407.17,WH-048,WH-031,STANDARD
PKG-000980,92.08,WH-031,WH-071,STANDARD
PKG-000981,70.84,WH-090,WH-097,STANDARD
PKG-000982,227.82,WH-082,WH-089,LOW
PKG-000983,422.53,WH-048,WH-041,URGENT
PKG-000984,94.62,WH-066,WH-064,LOW
PKG-000985,255.06,WH-054,WH-100,URGENT
PKG-000986,345.66,WH-035,WH-096,LOW
PKG-000987,367.03,WH-037,WH-070,URGENT
PKG-000988,368.53,WH-039,WH-047,LOW
PKG-000989,347.95,WH-033,WH-066,LOW
PKG-000990,205.87,WH-008,WH-085,LOW
PKG-000991,106.589071915977,WH-055,WH-096,STANDARD
PKG-000992,136.05,WH-038,WH-005,URGENT
PKG-000993,197.36,WH-070,WH-090,STANDARD
PKG-000994,295.05,WH-027,WH-098,STANDARD
PKG-000995,213.49,WH-039,WH-064,STANDARD
PKG-000996,66.48,WH-077,WH-089,URGENT
PKG-000997,,WH-031,WH-039,LOW
PKG-000998,81.72,WH-077,WH-038,URGENT
PKG-001000,60.78,WH-072,WH-013,LOW
PKG-001001,66.73,WH-057,WH-051,STANDARD
PKG-001004,20.74,WH-015,WH-050,LOW
PKG-001005,87.39,WH-011,WH-008,STANDARD
PKG-001006,169.75,WH-087,WH-015,URGENT
PKG-001007,396.97,WH-060,WH-005,LOW
PKG-001008,289.5,WH-053,WH-098,STANDARD
PKG-001009,163.63,WH-091,WH-080,URGENT
PKG-001010,,WH-092,WH-023,LOW
PKG-001011,16.2057813611077,WH-041,WH-056,URGENT
PKG-001012,199.78,WH-011,WH-055,LOW
PKG-001013,19.55,WH-096,WH-051,LOW
PKG-001014,140.17,WH-087,WH-017,LOW
PKG-001015,341.61,WH-078,WH-018,STANDARD
PKG-001016,,WH-019,WH-061,LOW
PKG-001017,116.11,WH-058,WH-008,STANDARD
PKG-001018,293.36,WH-094,WH-006,LOW
PKG-001019,364.95,WH-003,WH-032,URGENT
PKG-001020,288.07,WH-060,WH-064,LOW
PKG-001021,163.42,WH-043,WH-063,LOW
PKG-001022,497.88,WH-071,WH-053,STANDARD
PKG-001023,155.48,WH-073,WH-055,STANDARD
PKG-001024,272.47,WH-035,WH-054,LOW
PKG-001025,34.01,WH-029,WH-030,STANDARD
PKG-001026,402.08,WH-097,WH-041,STANDARD
PKG-001027,67.18,WH-026,WH-055,STANDARD
PKG-001028,431.87,WH-081,WH-021,STANDARD
PKG-001029,234.39,WH-017,WH-089,STANDARD
PKG-001030,231.1,WH-030,WH-003,LOW
PKG-001031,490.65,WH-066,WH-021,LOW
PKG-001032,297.35,WH-030,WH-012,STANDARD
PKG-001033,28.29,WH-052,WH-071,LOW
PKG-001034,127.52,WH-074,WH-082,URGENT
PKG-001035,25.88,WH-014,WH-066,LOW
PKG-001036,307.33,WH-061,WH-085,LOW
PKG-001037,291.37,WH-024,WH-051,LOW
PKG-001039,189.25,WH-010,WH-001,URGENT
PKG-001040,388.14,WH-079,WH-062,URGENT
PKG-001041,83.85,WH-030,WH-063,URGENT
PKG-001042,28.64,WH-066,WH-004,URGENT
PKG-001043,475.66,WH-091,WH-037,LOW
