routeId,originHubId,destinationHubId,distanceKm,typicalDelayMin
RT-00132,WH-065,WH-087,1344.47,0
RT-00148,WH-037,WH-036,932.38,0
RT-00154,WH-065,WH-056,873.48,0
RT-00157,WH-041,WH-012,213.83,0
RT-00177,WH-089,WH-001,1141.3,0
RT-00189,WH-100,WH-022,133.91,0
RT-00232,WH-022,WH-027,650.37,0
RT-00261,WH-095,WH-077,1478.83,0
RT-00282,WH-069,WH-060,294.96,0
RT-00301,WH-012,WH-010,1201.85,0
RT-00337,WH-077,WH-080,,0
RT-00346,WH-057,WH-028,554.01,0
RT-00350,WH-045,WH-023,1015.08,0
RT-00353,WH-016,WH-083,393.93,0
RT-00377,WH-079,WH-063,1323.07,0
RT-00381,WH-088,WH-065,1281.08,0
RT-00390,WH-030,WH-024,95.85,0
RT-00408,WH-016,WH-088,1493.33,0
RT-00422,WH-016,WH-062,694.45,0
RT-00439,WH-009,WH-056,1322.48,0
RT-00441,WH-027,WH-028,194.06,0
RT-00543,WH-003,WH-095,1444.1,0
RT-00583,WH-073,WH-057,1266.81,0
RT-00593,WH-033,WH-041,40.44,0
RT-00763,WH-085,WH-026,471.71,0
RT-00767,WH-095,WH-056,185.3,0
RT-00794,WH-053,WH-007,523.05,0
RT-00844,WH-068,WH-008,1159.86,0
RT-00857,WH-076,WH-006,1440.32,0
RT-00859,WH-024,WH-071,480.15848289912,0
RT-00861,WH-050,WH-052,1038.33,0
RT-00886,WH-037,WH-032,172.95,0
RT-00965,WH-049,WH-087,1395.74,0
RT-00974,WH-056,WH-081,1377.23,0
RT-00975,WH-035,WH-052,421.28,0
RT-01009,WH-022,WH-026,12.98,0
RT-01029,WH-031,WH-007,870.69,0
RT-01049,WH-038,WH-084,310.46,0
RT-01055,WH-076,WH-027,1391.49,0
RT-01108,WH-079,WH-080,1406.55,0
RT-01121,WH-036,WH-049,577.94,0
RT-01125,WH-025,WH-031,203.02,0
RT-01146,WH-030,WH-064,1482.96,0
RT-01179,WH-075,WH-014,181.04,0
RT-01301,WH-029,WH-046,905.28,0
RT-01338,WH-069,WH-015,1215.74,0
RT-00001,WH-001,WH-002,274.176319659066,89
RT-00002,WH-002,WH-003,229.046715925926,93
RT-00003,WH-003,WH-004,128.203203483627,37
RT-00004,WH-004,WH-005,220.543863166923,84
RT-00005,WH-005,WH-006,182.279458680647,58
RT-00006,WH-006,WH-007,52.4132059909056,78
RT-00007,WH-007,WH-008,93.8468427240864,82
RT-00008,WH-008,WH-009,231.118578352777,35
RT-00009,WH-009,WH-010,250.592538902989,118
RT-00010,WH-010,WH-011,56.6512281659844,78
RT-00011,WH-011,WH-012,270.62610775974,48
RT-00012,WH-012,WH-013,213.344011166406,74
RT-00013,WH-013,WH-014,107.813678565032,40
RT-00014,WH-014,WH-015,244.644729629584,31
RT-00015,WH-015,WH-016,144.762502262841,83
RT-00016,WH-016,WH-017,286.85338383125,114
RT-00017,WH-017,WH-018,155.223712357412,41
RT-00018,WH-018,WH-019,184.582342726776,88
RT-00019,WH-019,WH-020,166.033130810911,102
RT-00020,WH-020,WH-021,140.806970517659,87
RT-00021,WH-021,WH-022,200.339260881333,82
RT-00022,WH-022,WH-023,53.055641550589,30
RT-00023,WH-023,WH-024,142.523167709583,95
RT-00024,WH-024,WH-025,170.460799886337,92
RT-00025,WH-025,WH-026,179.30325441661,59
RT-00026,WH-026,WH-027,218.649069663053,59
RT-00027,WH-027,WH-028,92.5172089695895,112
RT-00028,WH-028,WH-029,63.1113254935441,111
RT-00029,WH-029,WH-030,74.3970551896297,93
RT-00030,WH-030,WH-031,54.0205640641572,84
RT-00031,WH-031,WH-032,177.263302260567,71
RT-00032,WH-032,WH-033,210.144273062331,50
RT-00033,WH-033,WH-034,137.244794476041,69
RT-00034,WH-034,WH-035,164.232574275629,65
RT-00035,WH-035,WH-036,197.162305605713,98
RT-00036,WH-036,WH-037,237.040666757816,63
RT-00037,WH-037,WH-038,94.3284819712869,77
RT-00038,WH-038,WH-039,273.912437681256,54
RT-00039,WH-039,WH-040,263.40069742454,39
RT-00040,WH-040,WH-041,256.635380245165,48
RT-00041,WH-041,WH-042,232.961322422705,73
RT-00042,WH-042,WH-043,284.845181656258,41
RT-00043,WH-043,WH-044,297.221459376233,83
RT-00044,WH-044,WH-045,291.398731446522,58
RT-00045,WH-045,WH-046,159.929928394832,112
RT-00046,WH-046,WH-047,119.023702657322,101
RT-00047,WH-047,WH-048,73.3717480479968,116
RT-00048,WH-048,WH-049,87.6206245152096,52
RT-00049,WH-049,WH-050,163.293967969863,115
RT-00050,WH-050,WH-051,215.654847745193,87
RT-00051,WH-051,WH-052,239.789013154156,78
RT-00052,WH-052,WH-053,175.312202511378,76
RT-00053,WH-053,WH-054,289.421854615453,93
RT-00054,WH-054,WH-055,54.717995304527,50
RT-00055,WH-055,WH-056,188.344155264374,62
RT-00056,WH-056,WH-057,83.8447133199521,108
RT-00057,WH-057,WH-058,119.632574590928,118
RT-00058,WH-058,WH-059,299.560575355784,116
RT-00059,WH-059,WH-060,128.770736455196,54
RT-00060,WH-060,WH-061,64.9039838351876,113
RT-00061,WH-061,WH-062,65.1842871900328,116
RT-00062,WH-062,WH-063,287.95439763461,104
RT-00063,WH-063,WH-064,53.2031767792302,108
RT-00064,WH-064,WH-065,125.424401921464,110
RT-00065,WH-065,WH-066,95.28024794372,68
RT-00066,WH-066,WH-067,112.529567476828,97
RT-00067,WH-067,WH-068,196.31775253677,103
RT-00068,WH-068,WH-069,271.241473574641,88
RT-00069,WH-069,WH-070,109.708977960871,95
RT-00070,WH-070,WH-071,119.122970524295,78
RT-00071,WH-071,WH-072,198.658968977356,65
RT-00072,WH-072,WH-073,214.027318787662,32
RT-00073,WH-073,WH-074,163.960844051459,44
RT-00074,WH-074,WH-075,285.08440909314,95
RT-00075,WH-075,WH-076,101.432819490152,49
RT-00076,WH-076,WH-077,238.765096676,49
RT-00077,WH-077,WH-078,192.114064754092,80
RT-00078,WH-078,WH-079,219.775880146083,80
RT-00079,WH-079,WH-080,202.081402433248,77
RT-00080,WH-080,WH-081,161.920441907462,101
RT-00081,WH-081,WH-082,211.549780663649,83
RT-00082,WH-082,WH-083,76.0791828560054,101
RT-00083,WH-083,WH-084,159.086909136464,102
RT-00084,WH-084,WH-085,143.384291988774,114
RT-00085,WH-085,WH-086,115.858399643903,89
RT-00086,WH-086,WH-087,233.868311717351,92
RT-00087,WH-087,WH-088,259.166510642156,73
RT-00088,WH-088,WH-089,231.257230216022,35
RT-00089,WH-089,WH-090,160.89067894747,49
RT-00090,WH-090,WH-091,249.74648997505,87
RT-00091,WH-091,WH-092,99.3770375837169,78
RT-00092,WH-092,WH-093,275.70445712798,69
RT-00093,WH-093,WH-094,141.140440393344,60
RT-00094,WH-094,WH-095,128.076690173256,43
RT-00095,WH-095,WH-096,67.7527428182774,100
RT-00096,WH-096,WH-097,85.5679002149099,57
RT-00097,WH-097,WH-098,124.820120884491,72
RT-00098,WH-098,WH-099,264.961393228298,87
RT-00099,WH-099,WH-100,236.124715712812,32
RT-00100,WH-067,WH-017,717.89,239
RT-00101,WH-011,WH-006,736.46,276
RT-00102,WH-023,WH-039,832.49,304
RT-00103,WH-013,WH-097,902.25,74
RT-00104,WH-092,WH-048,831.27,25
RT-00105,WH-087,WH-027,571.67,225
RT-00106,WH-006,WH-033,,126
RT-00107,WH-051,WH-084,835.51,74
RT-00108,WH-076,WH-061,681.62,116
RT-00109,WH-018,WH-091,133.04,320
RT-00110,WH-075,WH-035,36.11,154
RT-00111,WH-011,WH-060,1214.14,108
RT-00112,WH-048,WH-076,651.75,181
RT-00113,WH-081,WH-018,600.37,148
RT-00114,WH-007,WH-069,67.58,279
RT-00115,WH-057,WH-095,,334
RT-00116,WH-080,WH-023,805.34,359
RT-00118,WH-025,WH-016,734.16,144
RT-00119,WH-023,WH-067,1341.94,248
RT-00120,WH-083,WH-051,1353.3,85
RT-00121,WH-043,WH-002,264.79,152
RT-00122,WH-013,WH-015,639.46,300
RT-00123,WH-042,WH-001,1263.8,315
RT-00124,WH-085,WH-008,1298.26,326
RT-00125,WH-042,WH-011,87.75,292
RT-00126,WH-020,WH-038,553.29,60
RT-00127,WH-056,WH-076,1405.84,78
RT-00128,WH-017,WH-044,529.7,137
RT-00129,WH-015,WH-060,603.44,51
RT-00131,WH-023,WH-030,154.03,307
RT-00133,WH-063,WH-095,1181.49,257
RT-00134,WH-100,WH-035,1328.35,248
RT-00135,WH-067,WH-010,1060.74,254
RT-00136,WH-011,WH-088,451.896387945196,277
RT-00137,WH-005,WH-068,321.06,327
RT-00138,WH-072,WH-045,1271.37,24
RT-00139,WH-068,WH-016,1393.96,94
RT-00140,WH-082,WH-033,917.37,43
RT-00141,WH-018,WH-006,511.9,305
RT-00142,WH-071,WH-099,1365.49,332
RT-00143,WH-087,WH-025,1047.36,256
RT-00144,WH-080,WH-067,904.92,299
RT-00145,WH-086,WH-031,1194.68,307
RT-00146,WH-073,WH-041,873.93,23
RT-00147,WH-032,WH-049,368.12,256
RT-00149,WH-057,WH-044,487.42,100
RT-00150,WH-028,WH-038,321.95,67
RT-00151,WH-051,WH-065,1314.01,110
RT-00152,WH-099,WH-046,1458.52,101
RT-00153,WH-020,WH-026,1256.66,90
RT-00155,WH-053,WH-065,1138.15,331
RT-00156,WH-097,WH-042,55.92,353
RT-00158,WH-002,WH-025,64.13,194
RT-00159,WH-074,WH-013,697.66,216
RT-00160,WH-024,WH-057,867.28,97
RT-00161,WH-032,WH-087,58.33,270
RT-00162,WH-010,WH-085,312.91,40
RT-00163,WH-039,WH-004,841.21,280
RT-00164,WH-028,WH-075,383.52,285
RT-00165,WH-034,WH-018,737.1,67
RT-00166,WH-051,WH-024,1437.98,17
RT-00167,WH-075,WH-038,1372.3,247
RT-00168,WH-007,WH-045,727.31,265
RT-00169,WH-039,WH-079,56.5,325
RT-00170,WH-059,WH-070,1136.72,80
RT-00171,WH-067,WH-064,1370.03,95
RT-00174,WH-066,WH-017,1385.41,323
RT-00175,WH-012,WH-057,,107
RT-00176,WH-073,WH-006,144.52,345
RT-00178,WH-044,WH-015,595.01,262
RT-00179,WH-041,WH-072,623.79,292
RT-00180,WH-033,WH-085,923.17,270
RT-00181,WH-007,WH-031,1052.46,68
RT-00182,WH-098,WH-030,1275.22,243
RT-00183,WH-048,WH-055,99.59,86
RT-00184,WH-080,WH-078,1060.74,232
RT-00185,WH-036,WH-026,1404.3,111
RT-00186,WH-048,WH-050,647.33,275
RT-00187,WH-041,WH-053,824.65,306
RT-00188,WH-066,WH-058,1420.88,202
RT-00190,WH-037,WH-083,576.52,49
RT-00191,WH-077,WH-098,1272.33,299
RT-00192,WH-075,WH-081,672.33,351
RT-00193,WH-005,WH-004,37.63,164
RT-00194,WH-016,WH-038,664.11,214
RT-00195,WH-098,WH-092,743.62,326
RT-00196,WH-061,WH-055,782.16,317
RT-00197,WH-070,WH-056,,288
RT-00198,WH-089,WH-092,968.04,168
RT-00199,WH-066,WH-014,920.73,272
RT-00200,WH-084,WH-029,840.8,189
RT-00201,WH-035,WH-070,346.34,163
RT-00202,WH-026,WH-016,358.59,19
RT-00203,WH-065,WH-006,140.87,340
RT-00204,WH-096,WH-046,412.75,333
RT-00205,WH-068,WH-099,95.57,344
RT-00206,WH-078,WH-058,1031.08,236
RT-00207,WH-035,WH-041,678.12,48
RT-00208,WH-047,WH-003,263.95,109
RT-00209,WH-064,WH-089,46.33,75
RT-00210,WH-004,WH-078,1345.41,148
RT-00211,WH-040,WH-021,936.69,164
RT-00212,WH-038,WH-054,55.89,252
RT-00214,WH-057,WH-099,1335.97048479671,336
RT-00215,WH-040,WH-037,314.12,182
RT-00217,WH-080,WH-052,782.91,320
RT-00218,WH-060,WH-054,537.82,233
RT-00219,WH-028,WH-030,985.13,343
RT-00220,WH-053,WH-057,755.28,260
RT-00221,WH-080,WH-038,1307.73,303
RT-00223,WH-038,WH-071,1462.2,24
RT-00224,WH-025,WH-063,956.92,354
RT-00225,WH-100,WH-063,801.91,123
RT-00226,WH-020,WH-044,993.43,264
RT-00227,WH-083,WH-050,,355
RT-00228,WH-026,WH-092,1154.19,205
RT-00229,WH-022,WH-093,1439.95,73
RT-00230,WH-054,WH-022,652.33,94
RT-00231,WH-071,WH-093,560.67,296
RT-00233,WH-066,WH-045,,267
RT-00234,WH-089,WH-070,1405.35,285
RT-00235,WH-019,WH-061,277.32,37
RT-00236,WH-017,WH-031,254.35,148
RT-00237,WH-021,WH-034,631.17,266
RT-00238,WH-040,WH-096,770.09,345
RT-00239,WH-097,WH-003,988.26,92
RT-00240,WH-077,WH-027,1196.33,295
RT-00241,WH-047,WH-062,1158.57,290
RT-00242,WH-099,WH-026,382.813315495725,218
RT-00243,WH-035,WH-051,329.25,269
RT-00244,WH-047,WH-078,737.27,22
RT-00245,WH-038,WH-058,790.16,65
RT-00247,WH-075,WH-041,411.66,214
RT-00248,WH-100,WH-068,489.59,242
RT-00249,WH-068,WH-049,24.49,104
RT-00250,WH-014,WH-025,,174
RT-00251,WH-008,WH-053,1455.98,244
RT-00252,WH-040,WH-022,1300.44,331
RT-00253,WH-033,WH-062,522.17,193
RT-00254,WH-008,WH-045,492.6,130
RT-00255,WH-086,WH-001,287.21,322
RT-00256,WH-033,WH-010,286.85,32
RT-00257,WH-069,WH-096,1155.29,220
RT-00258,WH-093,WH-046,357.96,308
RT-00259,WH-003,WH-082,294.78,320
RT-00260,WH-038,WH-062,921.31,276
RT-00262,WH-063,WH-078,677.86,295
RT-00263,WH-026,WH-058,1263.98,344
RT-00264,WH-072,WH-080,857.79,235
RT-00265,WH-034,WH-065,158.703583747239,55
RT-00266,WH-004,WH-078,437.54,304
RT-00267,WH-025,WH-081,1070.65,274
RT-00268,WH-054,WH-067,988.81,220
RT-00269,WH-007,WH-015,1021.4,141
RT-00271,WH-050,WH-055,622.78,125
RT-00272,WH-099,WH-048,46.88,257
RT-00273,WH-057,WH-068,846.41,219
RT-00274,WH-064,WH-046,313.97,284
RT-00275,WH-089,WH-058,1447.1,125
RT-00276,WH-080,WH-078,463.36,65
RT-00277,WH-010,WH-034,1430.93,136
RT-00278,WH-034,WH-017,895.44,169
RT-00279,WH-062,WH-009,768.81,244
RT-00280,WH-096,WH-095,515.28,26
RT-00281,WH-050,WH-075,817.96,322
RT-00283,WH-094,WH-069,660.27,179
RT-00284,WH-024,WH-070,94.9390061470111,99
RT-00285,WH-027,WH-058,1324.33,238
RT-00286,WH-060,WH-018,278.59,100
RT-00287,WH-027,WH-045,671.12,339
RT-00288,WH-030,WH-026,787.35,204
RT-00289,WH-064,WH-080,180.81,159
RT-00290,WH-093,WH-011,941.64,296
RT-00291,WH-081,WH-052,644.12,201
RT-00292,WH-068,WH-006,748.45,263
RT-00293,WH-050,WH-075,1012.13,186
RT-00294,WH-054,WH-072,113.77,138
RT-00295,WH-072,WH-064,913.82,216
RT-00296,WH-061,WH-094,485.2,263
RT-00297,WH-051,WH-048,214.07,323
RT-00299,WH-017,WH-081,152.48,121
RT-00300,WH-014,WH-038,648.25,337
RT-00302,WH-040,WH-063,1409.48,225
RT-00303,WH-010,WH-026,845.57,219
RT-00304,WH-090,WH-015,228.14,45
RT-00305,WH-002,WH-065,1171.76,316
RT-00306,WH-075,WH-042,1168.02,260
RT-00307,WH-075,WH-026,457.04,132
RT-00308,WH-025,WH-080,180.99,195
RT-00309,WH-039,WH-028,46.4,117
RT-00310,WH-009,WH-015,196.97,280
RT-00311,WH-075,WH-091,450.49,138
RT-00312,WH-090,WH-032,114.6,63
RT-00313,WH-004,WH-042,638.35,155
RT-00314,WH-025,WH-078,600.08,151
RT-00315,WH-024,WH-006,377.51,19
RT-00316,WH-090,WH-096,21.69,86
RT-00317,WH-052,WH-034,269.78,338
RT-00318,WH-052,WH-100,563.41,259
RT-00319,WH-022,WH-046,1223.96,124
RT-00320,WH-032,WH-015,1274.75,19
RT-00321,WH-049,WH-061,705.28,190
RT-00322,WH-055,WH-086,940.26,314
RT-00323,WH-056,WH-022,1236.32,305
RT-00324,WH-011,WH-025,1085.37,79
RT-00325,WH-028,WH-096,1384.57,324
RT-00326,WH-023,WH-089,258.21,122
RT-00327,WH-046,WH-059,882.09,168
RT-00328,WH-047,WH-012,1019.32,111
RT-00329,WH-051,WH-071,183.93,279
RT-00330,WH-005,WH-054,354.8,23
RT-00331,WH-033,WH-098,648.85,103
RT-00332,WH-071,WH-039,1153.19,65
RT-00333,WH-065,WH-080,,140
RT-00334,WH-069,WH-043,1196.2,186
RT-00335,WH-065,WH-045,,24
RT-00336,WH-064,WH-052,208.56,296
RT-00338,WH-055,WH-098,1423.11,186
RT-00339,WH-034,WH-088,689.6,299
RT-00340,WH-012,WH-064,1255.05,100
RT-00341,WH-078,WH-043,1109.0,218
RT-00342,WH-041,WH-010,334.01,77
RT-00343,WH-058,WH-033,806.65,223
RT-00344,WH-045,WH-026,1373.35,241
RT-00345,WH-006,WH-077,509.5,213
RT-00347,WH-053,WH-098,1119.02,253
RT-00348,WH-035,WH-044,603.05,247
RT-00349,WH-014,WH-057,988.731211253423,226
RT-00351,WH-011,WH-044,952.97,176
RT-00352,WH-027,WH-082,133.19,230
RT-00354,WH-037,WH-006,120.1,301
RT-00355,WH-098,WH-065,252.59,55
RT-00356,WH-053,WH-074,,209
RT-00357,WH-017,WH-040,1098.85,304
RT-00358,WH-031,WH-026,,221
RT-00359,WH-097,WH-018,26.79,130
RT-00360,WH-049,WH-044,81.76,41
RT-00361,WH-050,WH-081,998.540109730631,342
RT-00362,WH-093,WH-084,299.53,296
RT-00363,WH-015,WH-043,83.41,343
RT-00364,WH-045,WH-062,926.36,52
RT-00365,WH-030,WH-092,85.52,45
RT-00366,WH-087,WH-055,597.81,293
RT-00367,WH-008,WH-051,77.93,69
RT-00368,WH-024,WH-080,75.5,24
RT-00369,WH-035,WH-013,655.287946222948,318
RT-00370,WH-021,WH-085,57.26,189
RT-00371,WH-066,WH-033,1104.63,264
RT-00372,WH-063,WH-052,1468.37,264
RT-00373,WH-002,WH-036,321.18,250
RT-00374,WH-064,WH-016,1090.65,288
RT-00375,WH-015,WH-056,805.22,36
RT-00376,WH-041,WH-083,229.75,296
RT-00378,WH-045,WH-089,1381.72,261
RT-00379,WH-061,WH-020,957.06,204
RT-00380,WH-094,WH-067,310.67,140
RT-00382,WH-024,WH-098,633.61,52
RT-00383,WH-040,WH-065,1108.45,331
RT-00384,WH-011,WH-047,759.66,306
RT-00385,WH-010,WH-022,765.19,316
RT-00386,WH-025,WH-068,1341.57,167
RT-00388,WH-091,WH-034,849.99,338
RT-00389,WH-006,WH-076,612.9,89
RT-00391,WH-002,WH-030,1328.58,41
RT-00392,WH-003,WH-051,705.09,104
RT-00393,WH-068,WH-079,797.72,253
RT-00394,WH-066,WH-015,803.0,103
RT-00395,WH-003,WH-083,1165.73,208
RT-00396,WH-005,WH-084,953.44,152
RT-00397,WH-014,WH-013,1184.68,165
RT-00398,WH-004,WH-010,1034.62,310
RT-00399,WH-018,WH-049,1180.94854668614,58
RT-00400,WH-003,WH-087,962.49,287
RT-00401,WH-044,WH-037,951.62,139
RT-00402,WH-048,WH-087,504.41,206
RT-00403,WH-086,WH-083,1034.4,78
RT-00404,WH-038,WH-034,604.61,164
RT-00405,WH-048,WH-012,944.75,304
RT-00406,WH-095,WH-100,,36
RT-00407,WH-083,WH-041,286.45,265
RT-00409,WH-087,WH-097,313.27,253
RT-00410,WH-047,WH-009,820.34,306
RT-00411,WH-044,WH-047,156.99,67
RT-00412,WH-022,WH-071,852.74,162
RT-00413,WH-012,WH-085,1453.64,184
RT-00414,WH-037,WH-096,1382.82,332
RT-00415,WH-063,WH-085,1149.16,267
RT-00416,WH-030,WH-098,1247.96,210
RT-00417,WH-056,WH-019,863.05,259
RT-00418,WH-097,WH-044,1440.34,209
RT-00419,WH-062,WH-100,600.68,246
RT-00420,WH-021,WH-095,114.98,102
RT-00423,WH-077,WH-068,1108.9,182
RT-00424,WH-077,WH-012,841.51,37
RT-00425,WH-095,WH-003,665.81,171
RT-00426,WH-072,WH-051,741.03,151
RT-00427,WH-100,WH-033,,272
RT-00428,WH-040,WH-024,952.9,36
RT-00429,WH-063,WH-069,868.31,190
RT-00430,WH-030,WH-095,958.3,202
RT-00431,WH-035,WH-094,92.26,148
RT-00432,WH-006,WH-078,792.44,282
RT-00433,WH-079,WH-091,1411.67,22
RT-00434,WH-046,WH-084,677.48,133
RT-00436,WH-088,WH-029,568.08,224
RT-00437,WH-086,WH-070,1429.84,108
RT-00438,WH-079,WH-017,528.39,156
RT-00440,WH-009,WH-025,201.83,49
RT-00442,WH-021,WH-082,53.45,259
RT-00443,WH-027,WH-002,1231.71,297
RT-00444,WH-045,WH-001,524.18,71
RT-00445,WH-090,WH-046,541.8,296
RT-00446,WH-069,WH-066,550.43,40
RT-00447,WH-021,WH-088,851.4,317
RT-00448,WH-052,WH-037,709.61,241
RT-00449,WH-093,WH-002,88.1217718484848,52
RT-00450,WH-042,WH-017,758.79,200
RT-00451,WH-061,WH-094,464.61,314
RT-00452,WH-008,WH-001,651.21,306
RT-00453,WH-034,WH-010,398.35,114
RT-00454,WH-053,WH-015,81.66,318
RT-00455,WH-001,WH-043,1376.06,321
RT-00456,WH-077,WH-054,171.07,161
RT-00457,WH-029,WH-006,350.42,122
RT-00458,WH-085,WH-048,1418.58,262
RT-00459,WH-030,WH-065,231.5,171
RT-00460,WH-094,WH-028,1244.61,169
RT-00461,WH-079,WH-014,341.68,297
RT-00462,WH-080,WH-016,1443.32,107
RT-00463,WH-006,WH-086,1062.75928550731,20
RT-00464,WH-066,WH-012,683.92,319
RT-00465,WH-060,WH-075,1405.35,263
RT-00466,WH-071,WH-100,,250
RT-00467,WH-088,WH-029,464.38,254
RT-00468,WH-008,WH-052,705.14,286
RT-00469,WH-090,WH-092,480.76,207
RT-00470,WH-067,WH-037,1309.07,107
RT-00471,WH-095,WH-097,669.75,234
RT-00472,WH-054,WH-032,146.09,226
RT-00473,WH-013,WH-089,686.37,151
RT-00474,WH-006,WH-015,1057.11,178
RT-00475,WH-082,WH-040,73.27,62
RT-00476,WH-011,WH-031,,202
RT-00477,WH-092,WH-086,1102.38,52
RT-00478,WH-095,WH-054,1021.53,166
RT-00479,WH-033,WH-009,337.92,225
RT-00480,WH-025,WH-032,1022.75,193
RT-00481,WH-003,WH-094,652.493892368569,20
RT-00482,WH-044,WH-012,1045.25,180
RT-00483,WH-070,WH-010,1066.08,60
RT-00484,WH-023,WH-011,50.7,52
RT-00485,WH-037,WH-013,786.74,241
RT-00486,WH-098,WH-020,1096.49,272
RT-00487,WH-045,WH-009,1022.03,166
RT-00488,WH-099,WH-047,669.47,353
RT-00489,WH-044,WH-046,590.42,71
RT-00490,WH-092,WH-016,,263
RT-00491,WH-032,WH-052,1243.47,206
RT-00492,WH-087,WH-043,939.71,168
RT-00493,WH-046,WH-005,,107
RT-00494,WH-010,WH-063,186.33,354
RT-00495,WH-011,WH-087,886.06,352
RT-00496,WH-067,WH-077,610.88,271
RT-00497,WH-082,WH-067,1138.97,171
RT-00498,WH-055,WH-090,873.37,212
RT-00500,WH-078,WH-077,610.59,143
RT-00501,WH-079,WH-015,827.49,233
RT-00503,WH-062,WH-070,332.33,316
RT-00504,WH-008,WH-037,681.44,187
RT-00505,WH-058,WH-044,976.98,225
RT-00506,WH-029,WH-035,1101.01,27
RT-00507,WH-022,WH-045,1084.94,111
RT-00508,WH-094,WH-040,1466.33,77
RT-00509,WH-022,WH-065,757.13,301
RT-00510,WH-077,WH-005,1190.52,339
RT-00511,WH-012,WH-075,1060.24,135
RT-00512,WH-097,WH-071,882.43,332
RT-00513,WH-094,WH-045,1212.05,85
RT-00514,WH-068,WH-027,,107
RT-00515,WH-093,WH-084,893.63,209
RT-00516,WH-061,WH-081,23.53,334
RT-00517,WH-073,WH-030,1295.04,114
RT-00518,WH-013,WH-063,924.87,333
RT-00519,WH-080,WH-045,1007.74,281
RT-00520,WH-002,WH-089,724.35,322
RT-00521,WH-043,WH-081,606.341821321425,36
RT-00522,WH-022,WH-004,927.05,29
RT-00523,WH-054,WH-022,488.91,86
RT-00524,WH-050,WH-098,675.99,75
RT-00525,WH-011,WH-042,503.55,62
RT-00526,WH-034,WH-072,199.51,198
RT-00527,WH-039,WH-095,1116.75,31
RT-00528,WH-083,WH-028,696.79,333
RT-00529,WH-087,WH-018,60.29,19
RT-00530,WH-087,WH-061,745.66,96
RT-00531,WH-077,WH-014,1187.5,183
RT-00532,WH-100,WH-053,241.14,277
RT-00533,WH-061,WH-034,,305
RT-00534,WH-081,WH-088,,236
RT-00535,WH-044,WH-034,499.25,177
RT-00536,WH-001,WH-096,1047.17,61
RT-00537,WH-037,WH-038,503.93,196
RT-00538,WH-082,WH-050,38.11,217
RT-00539,WH-068,WH-003,1458.5,347
RT-00540,WH-067,WH-061,324.9,277
RT-00541,WH-033,WH-083,1397.81,70
RT-00542,WH-046,WH-031,131.85,256
RT-00544,WH-009,WH-093,,48
RT-00545,WH-010,WH-075,1218.14,235
RT-00546,WH-092,WH-034,306.37,192
RT-00547,WH-006,WH-079,1350.43,306
RT-00548,WH-075,WH-037,866.08,35
RT-00549,WH-062,WH-072,,67
RT-00550,WH-089,WH-048,882.39,166
RT-00551,WH-045,WH-053,1240.37,118
RT-00552,WH-090,WH-030,414.35,292
RT-00553,WH-086,WH-009,1447.97,70
RT-00554,WH-074,WH-026,778.05,124
RT-00555,WH-030,WH-018,867.0565835658,326
RT-00556,WH-075,WH-082,1300.72,248
RT-00557,WH-062,WH-022,1344.76,138
RT-00558,WH-020,WH-035,1219.88,175
RT-00559,WH-017,WH-079,364.87,248
RT-00560,WH-012,WH-035,420.16,305
RT-00561,WH-026,WH-002,842.6,155
RT-00562,WH-046,WH-098,,49
RT-00563,WH-009,WH-026,749.3,133
RT-00564,WH-088,WH-016,371.14,338
RT-00565,WH-027,WH-006,683.49,72
RT-00567,WH-023,WH-091,,210
RT-00568,WH-057,WH-034,286.5,314
RT-00570,WH-030,WH-056,147.65,185
RT-00571,WH-063,WH-080,912.19,172
RT-00572,WH-031,WH-085,1057.69,99
RT-00573,WH-006,WH-074,,99
RT-00574,WH-078,WH-099,159.26,192
RT-00575,WH-074,WH-005,797.12,268
RT-00576,WH-044,WH-023,249.03,22
RT-00577,WH-021,WH-020,1496.05,275
RT-00578,WH-088,WH-098,689.63,346
RT-00579,WH-005,WH-036,398.1,83
RT-00580,WH-070,WH-034,933.94,350
RT-00581,WH-026,WH-061,1041.48,155
RT-00582,WH-017,WH-028,1005.03,47
RT-00584,WH-044,WH-051,1214.84,202
RT-00585,WH-044,WH-028,885.11,106
RT-00586,WH-028,WH-004,1155.56,154
RT-00587,WH-070,WH-066,589.33,17
RT-00589,WH-042,WH-001,1078.26,258
RT-00590,WH-050,WH-099,1493.59,96
RT-00591,WH-040,WH-044,1248.96,167
RT-00592,WH-043,WH-018,136.78,23
RT-00594,WH-032,WH-004,820.41,338
RT-00595,WH-068,WH-052,,145
RT-00596,WH-063,WH-067,928.56,120
RT-00597,WH-083,WH-099,1010.61,147
RT-00598,WH-067,WH-097,,312
RT-00599,WH-044,WH-079,894.96,167
RT-00600,WH-074,WH-025,610.02214486502,43
RT-00601,WH-022,WH-046,,347
RT-00602,WH-004,WH-062,250.06,248
RT-00603,WH-077,WH-083,757.58,342
RT-00604,WH-014,WH-049,42.55,324
RT-00605,WH-033,WH-008,248.96,178
RT-00606,WH-033,WH-030,349.05,232
RT-00607,WH-007,WH-073,1089.46,251
RT-00608,WH-020,WH-037,84.73,201
RT-00609,WH-015,WH-030,1445.5,333
RT-00610,WH-013,WH-032,1360.34,80
RT-00611,WH-032,WH-070,1102.31,94
RT-00612,WH-056,WH-063,145.89,44
RT-00613,WH-080,WH-028,1219.72,169
RT-00614,WH-006,WH-068,818.78,150
RT-00615,WH-030,WH-081,1232.98,331
RT-00616,WH-028,WH-015,622.6,150
RT-00617,WH-094,WH-095,889.32,96
RT-00618,WH-058,WH-030,475.44,352
RT-00619,WH-073,WH-031,343.14,345
RT-00620,WH-021,WH-057,1364.5,67
RT-00621,WH-098,WH-080,306.77,110
RT-00622,WH-076,WH-088,246.29,146
RT-00623,WH-089,WH-033,965.7,95
RT-00624,WH-003,WH-004,417.28,140
RT-00625,WH-075,WH-084,527.85,184
RT-00626,WH-034,WH-078,988.66,287
RT-00627,WH-038,WH-018,1320.25,146
RT-00628,WH-084,WH-031,861.47,28
RT-00629,WH-086,WH-038,232.42,162
RT-00630,WH-001,WH-047,1497.6,68
RT-00631,WH-075,WH-069,741.65,268
RT-00632,WH-091,WH-089,623.86,186
RT-00633,WH-004,WH-072,425.5,226
RT-00634,WH-005,WH-014,51.43,77
RT-00635,WH-084,WH-052,1139.86,354
RT-00636,WH-079,WH-045,905.0,220
RT-00637,WH-092,WH-051,506.25,126
RT-00638,WH-041,WH-075,1341.3,340
RT-00639,WH-006,WH-012,1327.26,21
RT-00640,WH-086,WH-043,165.34,274
RT-00641,WH-046,WH-040,392.08,291
RT-00642,WH-072,WH-024,454.09,335
RT-00643,WH-006,WH-004,1292.66,72
RT-00644,WH-095,WH-018,1022.98,226
RT-00645,WH-060,WH-039,358.56,199
RT-00646,WH-089,WH-065,312.52,251
RT-00647,WH-024,WH-066,394.18,132
RT-00648,WH-065,WH-095,1125.71,197
RT-00649,WH-039,WH-008,1134.52,71
RT-00650,WH-013,WH-005,163.010441263481,245
RT-00651,WH-028,WH-061,1202.21,93
RT-00652,WH-028,WH-035,154.52,99
RT-00653,WH-008,WH-093,262.68,100
RT-00654,WH-035,WH-040,1024.57,17
RT-00655,WH-062,WH-090,1475.41,316
RT-00656,WH-033,WH-092,60.47,41
RT-00657,WH-025,WH-079,1357.12,165
RT-00658,WH-090,WH-063,516.2,183
RT-00659,WH-094,WH-058,1171.55,50
RT-00661,WH-052,WH-023,585.44,314
RT-00662,WH-094,WH-099,522.84,177
RT-00663,WH-064,WH-042,1052.61,161
RT-00664,WH-016,WH-051,481.35,251
RT-00665,WH-068,WH-018,644.47,336
RT-00667,WH-056,WH-039,1253.87,101
RT-00668,WH-017,WH-018,1416.35,55
RT-00669,WH-058,WH-085,1114.41,215
RT-00670,WH-003,WH-065,815.03,60
RT-00671,WH-043,WH-047,48.96,129
RT-00672,WH-051,WH-059,819.73,174
RT-00673,WH-007,WH-010,75.61,178
RT-00674,WH-036,WH-016,659.48,347
RT-00675,WH-016,WH-080,723.75,260
RT-00676,WH-036,WH-012,593.190117578172,58
RT-00677,WH-005,WH-088,1446.77,316
RT-00678,WH-072,WH-099,609.93,60
RT-00679,WH-070,WH-017,863.47,104
RT-00680,WH-016,WH-098,235.22,164
RT-00681,WH-040,WH-060,892.39,94
RT-00682,WH-073,WH-077,472.71,259
RT-00683,WH-054,WH-051,795.49,351
RT-00684,WH-092,WH-037,393.49,44
RT-00685,WH-076,WH-042,1134.22,302
RT-00686,WH-082,WH-029,1178.83,357
RT-00687,WH-056,WH-032,200.01,292
RT-00688,WH-016,WH-075,188.71,270
RT-00689,WH-021,WH-052,721.92,31
RT-00690,WH-046,WH-042,360.71,119
RT-00691,WH-076,WH-097,1498.53,114
RT-00692,WH-012,WH-085,561.68,268
RT-00693,WH-026,WH-092,319.23,266
RT-00694,WH-086,WH-076,1091.99,110
RT-00695,WH-002,WH-043,626.24,235
RT-00696,WH-044,WH-040,43.51,320
RT-00697,WH-002,WH-012,194.28,72
RT-00698,WH-047,WH-085,159.44,171
RT-00699,WH-082,WH-054,895.3,29
RT-00700,WH-001,WH-093,227.34,62
RT-00701,WH-069,WH-050,918.64,98
RT-00702,WH-058,WH-011,211.23,16
RT-00703,WH-074,WH-090,1075.92,61
RT-00704,WH-099,WH-025,1446.51,155
RT-00705,WH-092,WH-088,249.9,32
RT-00706,WH-061,WH-034,961.04,59
RT-00707,WH-065,WH-090,1393.51,23
RT-00708,WH-079,WH-014,1332.42,251
RT-00709,WH-001,WH-027,33.75,57
RT-00710,WH-025,WH-031,949.41,49
RT-00711,WH-029,WH-053,946.262166327427,176
RT-00712,WH-013,WH-088,22.87,66
RT-00714,WH-083,WH-042,1269.98,77
RT-00715,WH-084,WH-071,1021.48,270
RT-00716,WH-048,WH-094,1036.95,268
RT-00717,WH-081,WH-018,1441.87,96
RT-00718,WH-050,WH-076,1178.09,177
RT-00719,WH-060,WH-075,501.05,283
RT-00720,WH-039,WH-092,350.83,213
RT-00721,WH-010,WH-068,251.08,254
RT-00722,WH-092,WH-003,588.33,47
RT-00723,WH-030,WH-014,568.02,177
RT-00724,WH-047,WH-039,540.77,143
RT-00725,WH-038,WH-065,596.07,299
RT-00726,WH-057,WH-094,195.94,70
RT-00727,WH-025,WH-065,38.01,89
RT-00728,WH-075,WH-054,1258.06,218
RT-00730,WH-042,WH-047,829.88,267
RT-00731,WH-062,WH-039,699.96,225
RT-00732,WH-020,WH-054,1481.41,263
RT-00733,WH-071,WH-082,841.03,293
RT-00734,WH-077,WH-074,1316.11,152
RT-00735,WH-049,WH-037,478.52,116
RT-00736,WH-057,WH-027,1114.33,208
RT-00737,WH-069,WH-097,389.68,250
RT-00738,WH-013,WH-068,298.73,213
RT-00739,WH-047,WH-027,179.16,192
RT-00740,WH-071,WH-017,1174.81,36
RT-00741,WH-026,WH-094,719.49,61
RT-00742,WH-021,WH-035,413.24,116
RT-00743,WH-026,WH-078,1165.5,309
RT-00745,WH-091,WH-052,694.96,42
RT-00746,WH-003,WH-031,966.63,300
RT-00747,WH-046,WH-085,264.48,249
RT-00748,WH-043,WH-098,39.77,106
RT-00749,WH-092,WH-007,653.81,315
RT-00750,WH-073,WH-093,1436.48,47
RT-00751,WH-055,WH-021,476.167917960519,319
RT-00752,WH-031,WH-019,1294.62060157895,60
RT-00753,WH-039,WH-098,434.17,295
RT-00754,WH-044,WH-064,376.36,145
RT-00755,WH-044,WH-072,1400.63,305
RT-00756,WH-025,WH-051,1392.98,137
RT-00757,WH-089,WH-039,1309.15,275
RT-00758,WH-004,WH-014,1234.33,254
RT-00759,WH-038,WH-065,337.64,44
RT-00760,WH-021,WH-055,756.77,59
RT-00761,WH-005,WH-007,1416.22,282
RT-00764,WH-077,WH-020,1455.02,341
RT-00765,WH-055,WH-014,475.49,218
RT-00766,WH-054,WH-094,1162.03,30
RT-00768,WH-093,WH-036,574.68,237
RT-00769,WH-063,WH-013,,340
RT-00770,WH-044,WH-057,438.38,83
RT-00771,WH-011,WH-069,435.58,73
RT-00772,WH-043,WH-054,388.0,246
RT-00773,WH-092,WH-071,482.75,193
RT-00774,WH-012,WH-030,81.86,114
RT-00775,WH-068,WH-028,872.08,196
RT-00776,WH-073,WH-048,237.65,147
RT-00777,WH-082,WH-030,,31
RT-00778,WH-045,WH-020,879.6,194
RT-00779,WH-072,WH-001,1009.62,206
RT-00780,WH-074,WH-013,523.72,276
RT-00781,WH-065,WH-029,633.872240026183,220
RT-00782,WH-098,WH-039,406.67,214
RT-00783,WH-046,WH-076,792.35,297
RT-00784,WH-021,WH-031,22.61,110
RT-00785,WH-036,WH-056,987.34,296
RT-00786,WH-005,WH-071,968.194916732224,186
RT-00787,WH-082,WH-049,1166.79,249
RT-00788,WH-022,WH-025,1137.88,296
RT-00789,WH-027,WH-080,517.08,70
RT-00790,WH-083,WH-031,836.34,255
RT-00791,WH-078,WH-015,69.4361959880287,141
RT-00792,WH-059,WH-024,775.42,109
RT-00793,WH-017,WH-033,1270.57,182
RT-00795,WH-058,WH-082,1345.05,128
RT-00796,WH-100,WH-001,939.22,252
RT-00797,WH-016,WH-042,425.86,349
RT-00798,WH-020,WH-030,147.03,166
RT-00799,WH-092,WH-050,1032.75,37
RT-00801,WH-097,WH-004,970.42,232
RT-00802,WH-068,WH-095,236.77,266
RT-00803,WH-052,WH-002,737.19,211
RT-00804,WH-051,WH-007,616.1,35
RT-00805,WH-003,WH-099,1436.12,300
RT-00806,WH-063,WH-010,45.05,322
RT-00807,WH-088,WH-071,1007.26,309
RT-00808,WH-021,WH-059,55.08,22
RT-00809,WH-047,WH-008,400.16,197
RT-00810,WH-011,WH-004,,240
RT-00811,WH-069,WH-037,1037.02,197
RT-00812,WH-035,WH-049,64.48,211
RT-00813,WH-004,WH-058,1122.12,131
RT-00814,WH-038,WH-043,707.21,143
RT-00815,WH-015,WH-008,475.43,231
RT-00816,WH-062,WH-023,128.29,220
RT-00817,WH-014,WH-059,249.99,257
RT-00818,WH-012,WH-061,895.11,184
RT-00819,WH-099,WH-049,438.62,200
RT-00820,WH-066,WH-053,428.46,283
RT-00821,WH-065,WH-061,1482.19,278
RT-00822,WH-003,WH-090,248.96,329
RT-00823,WH-058,WH-042,1372.17,149
RT-00824,WH-073,WH-043,196.75,272
RT-00825,WH-047,WH-051,843.34,105
RT-00826,WH-047,WH-040,69.89,282
RT-00827,WH-072,WH-068,1010.51,359
RT-00828,WH-014,WH-008,1062.47,272
RT-00829,WH-057,WH-091,1331.9,347
RT-00830,WH-080,WH-065,,262
RT-00831,WH-058,WH-015,461.48,156
RT-00832,WH-011,WH-059,757.35,92
RT-00833,WH-077,WH-083,293.88,165
RT-00834,WH-039,WH-033,205.2,294
RT-00835,WH-071,WH-048,,247
RT-00836,WH-002,WH-089,1365.97,311
RT-00837,WH-033,WH-082,728.44,22
RT-00838,WH-090,WH-024,1455.81,336
RT-00840,WH-093,WH-005,1112.96,297
RT-00841,WH-082,WH-021,534.35,105
RT-00842,WH-079,WH-005,505.5,181
RT-00845,WH-030,WH-011,213.45,121
RT-00846,WH-033,WH-090,1139.6,61
RT-00847,WH-027,WH-097,275.74,26
RT-00848,WH-066,WH-070,1374.07,245
RT-00849,WH-089,WH-088,798.83,194
RT-00850,WH-089,WH-052,453.74,104
RT-00851,WH-051,WH-028,807.0,244
RT-00852,WH-095,WH-002,333.09,296
RT-00853,WH-039,WH-033,729.48,235
RT-00854,WH-056,WH-054,174.48,241
RT-00855,WH-003,WH-085,995.07,301
RT-00856,WH-068,WH-019,816.26,122
RT-00858,WH-036,WH-004,871.395455321279,329
RT-00860,WH-086,WH-081,1388.87,83
RT-00862,WH-027,WH-021,1193.84844353062,43
RT-00863,WH-073,WH-093,777.26,148
RT-00864,WH-011,WH-001,632.21,312
RT-00865,WH-087,WH-003,51.78,85
RT-00866,WH-067,WH-059,1049.92,319
RT-00867,WH-055,WH-001,332.69,29
RT-00868,WH-080,WH-088,353.78,98
RT-00869,WH-033,WH-048,709.1,329
RT-00870,WH-023,WH-061,901.61,43
RT-00871,WH-044,WH-082,1220.91,113
RT-00872,WH-096,WH-075,665.33,299
RT-00873,WH-011,WH-046,997.38,124
RT-00874,WH-009,WH-093,1377.15,104
RT-00875,WH-040,WH-082,1281.97,305
RT-00876,WH-064,WH-074,151.05,216
RT-00877,WH-001,WH-067,874.34,186
RT-00878,WH-071,WH-037,617.59,53
RT-00879,WH-014,WH-034,979.15,96
RT-00880,WH-019,WH-087,120.16,180
RT-00881,WH-098,WH-076,486.83,226
RT-00882,WH-085,WH-099,851.5,328
RT-00883,WH-045,WH-085,1073.38,174
RT-00884,WH-042,WH-075,499.76,344
RT-00885,WH-010,WH-081,557.39,93
RT-00887,WH-066,WH-044,192.66,93
RT-00889,WH-037,WH-039,1304.86,202
RT-00890,WH-020,WH-073,1129.87,356
RT-00891,WH-017,WH-065,464.09,38
RT-00892,WH-043,WH-028,1494.57,36
RT-00893,WH-038,WH-037,1332.93,68
RT-00894,WH-022,WH-001,1392.18,102
RT-00895,WH-099,WH-098,1207.18,341
RT-00896,WH-026,WH-066,1010.95,267
RT-00898,WH-062,WH-074,273.3,300
RT-00899,WH-013,WH-094,41.0,213
RT-00900,WH-007,WH-071,875.99,187
RT-00901,WH-028,WH-088,253.38,189
RT-00902,WH-026,WH-035,1377.7,23
RT-00904,WH-088,WH-048,1070.23,341
RT-00905,WH-003,WH-057,428.37,326
RT-00906,WH-025,WH-084,668.27,174
RT-00907,WH-090,WH-037,1174.88,308
RT-00909,WH-006,WH-047,470.51,242
RT-00910,WH-029,WH-063,820.44,130
RT-00911,WH-072,WH-007,653.94,63
RT-00912,WH-058,WH-016,152.88,354
RT-00913,WH-058,WH-079,1103.35,242
RT-00914,WH-075,WH-068,1188.56,63
RT-00915,WH-015,WH-017,68.42,44
RT-00916,WH-035,WH-005,1129.74,60
RT-00917,WH-056,WH-033,929.74,284
RT-00918,WH-047,WH-093,462.9,29
RT-00919,WH-078,WH-091,289.82,342
RT-00920,WH-010,WH-004,97.82,52
RT-00921,WH-048,WH-009,890.89,348
RT-00922,WH-082,WH-009,743.99,182
RT-00923,WH-060,WH-047,1223.64,68
RT-00924,WH-096,WH-021,385.03,122
RT-00925,WH-049,WH-027,813.26,168
RT-00926,WH-071,WH-080,374.92,172
RT-00927,WH-016,WH-023,1491.88,100
RT-00928,WH-025,WH-073,856.38,163
RT-00929,WH-040,WH-095,90.7341016974254,308
RT-00930,WH-093,WH-053,1129.89,219
RT-00931,WH-076,WH-005,1275.9,319
RT-00932,WH-038,WH-084,912.21,345
RT-00933,WH-081,WH-096,1412.2,168
RT-00934,WH-008,WH-064,595.03,233
RT-00935,WH-068,WH-073,898.43,299
RT-00936,WH-037,WH-024,810.95,344
RT-00937,WH-082,WH-062,1228.15,316
RT-00938,WH-059,WH-012,1149.34,323
RT-00939,WH-019,WH-004,287.08,231
RT-00940,WH-023,WH-042,855.64,139
RT-00941,WH-085,WH-069,144.09,312
RT-00942,WH-048,WH-025,1000.73,357
RT-00943,WH-088,WH-100,194.79,336
RT-00944,WH-088,WH-075,615.38,127
RT-00945,WH-064,WH-041,415.84,85
RT-00946,WH-080,WH-022,610.3,280
RT-00947,WH-088,WH-090,620.57,285
RT-00948,WH-091,WH-054,191.19,231
RT-00949,WH-094,WH-034,67.0,77
RT-00950,WH-048,WH-038,784.87,86
RT-00951,WH-097,WH-029,949.76,146
RT-00952,WH-078,WH-086,107.58,214
RT-00953,WH-098,WH-003,,180
RT-00954,WH-096,WH-076,398.33,190
RT-00955,WH-075,WH-039,1093.61,210
RT-00956,WH-079,WH-019,285.3,250
RT-00957,WH-045,WH-050,552.55,340
RT-00958,WH-051,WH-030,847.98,359
RT-00959,WH-024,WH-082,23.68,230
RT-00960,WH-024,WH-042,770.05,36
RT-00961,WH-050,WH-098,811.05,309
RT-00962,WH-071,WH-070,1419.75,50
RT-00963,WH-038,WH-054,460.16,343
RT-00966,WH-014,WH-086,957.43,156
RT-00967,WH-025,WH-001,1204.97,231
RT-00968,WH-091,WH-027,1311.58,250
RT-00969,WH-053,WH-001,1072.72,186
RT-00970,WH-063,WH-036,1145.25,164
RT-00971,WH-091,WH-098,1483.65,51
RT-00972,WH-054,WH-075,296.01,269
RT-00973,WH-053,WH-045,1448.53,38
RT-00976,WH-091,WH-029,309.7,75
RT-00977,WH-063,WH-049,785.72,143
RT-00978,WH-071,WH-066,982.74,302
RT-00979,WH-083,WH-016,1088.77,70
RT-00980,WH-076,WH-092,,254
RT-00981,WH-089,WH-010,856.4,343
RT-00982,WH-031,WH-047,850.25,60
RT-00983,WH-027,WH-085,179.62,236
RT-00984,WH-028,WH-031,786.36,226
RT-00985,WH-002,WH-020,278.27,291
RT-00986,WH-091,WH-100,1467.45,244
RT-00987,WH-082,WH-034,47.56,218
RT-00988,WH-080,WH-020,147.39,223
RT-00990,WH-012,WH-088,676.88,169
RT-00991,WH-047,WH-019,483.85,248
RT-00992,WH-016,WH-010,641.35,149
RT-00993,WH-044,WH-005,306.95,90
RT-00994,WH-032,WH-064,994.22,70
RT-00995,WH-034,WH-010,252.587224445467,128
RT-00996,WH-083,WH-089,415.47,183
RT-00997,WH-008,WH-066,797.58,258
RT-00998,WH-016,WH-032,1440.95,299
RT-00999,WH-052,WH-088,208.1,310
RT-01000,WH-006,WH-050,1164.17006601032,118
RT-01001,WH-027,WH-033,678.14,210
RT-01002,WH-096,WH-061,1390.54,323
RT-01003,WH-019,WH-085,151.03,80
RT-01004,WH-001,WH-047,822.42,213
RT-01005,WH-079,WH-003,343.44,53
RT-01006,WH-047,WH-019,1261.12,199
RT-01007,WH-010,WH-009,633.74,255
RT-01008,WH-052,WH-060,11.4,49
RT-01010,WH-022,WH-049,896.9,281
RT-01011,WH-027,WH-024,122.0,319
RT-01012,WH-072,WH-057,381.77,29
RT-01013,WH-099,WH-086,713.04,299
RT-01014,WH-012,WH-067,276.17,273
RT-01016,WH-074,WH-007,1010.03,306
RT-01017,WH-018,WH-028,646.16,30
RT-01018,WH-068,WH-077,439.92,330
RT-01019,WH-024,WH-075,1175.98,97
RT-01020,WH-032,WH-002,1283.78237257101,145
RT-01021,WH-073,WH-029,833.38,289
RT-01022,WH-012,WH-028,664.03,38
RT-01023,WH-062,WH-034,239.94,17
RT-01024,WH-057,WH-044,1157.05,243
