id,name,regionalZone,latitude,longitude
WH-001,HUB-001,CENTRAL,37.91,-88.46
WH-002,HUB-002,WEST,29.64,-99.44
WH-004,HUB-004,CENTRAL,32.07,-116.21
WH-005,HUB-005,CENTRAL,45.23,-124.97
WH-006,HUB-006,WEST,31.29,-106.19
WH-008,HUB-008,EAST,46.95,-101.47
WH-009,HUB-009,WEST,34.23,-114.16
WH-010,HUB-010,NORTH,31.03,-120.67
WH-011,HUB-011,WEST,46.03,-71.11
WH-012,HUB-012,EAST,46.8371328990759,-108.09
WH-013,HUB-013,CENTRAL,39.67,-71.03
WH-014,HUB-014,EAST,27.46,-85.37
WH-015,HUB-015,EAST,29.42,-112.13
WH-016,HUB-016,WEST,38.53,-107.24
WH-018,HUB-018,NORTH,41.54,-95.46
WH-019,HUB-019,CENTRAL,28.2741662207217,-100.31
WH-020,HUB-020,EAST,47.57,-75.45
WH-023,HUB-023,SOUTH,31.92,-101.02
WH-024,HUB-024,WEST,36.8,-113.03
WH-025,HUB-025,EAST,45.19,-111.67
WH-026,HUB-026,WEST,29.98,-90.51
WH-027,HUB-027,EAST,25.71,-120.5
WH-028,HUB-028,EAST,44.05,-99.8
WH-029,HUB-029,NORTH,35.73,-69.17
WH-030,HUB-030,WEST,31.8,-110.53
WH-031,HUB-031,WEST,42.94,-98.15
WH-032,HUB-032,EAST,28.92,-79.22
WH-033,HUB-033,NORTH,29.24,-77.53
WH-034,HUB-034,NORTH,37.61,-109.94
WH-035,HUB-035,SOUTH,47.16,-87.31
WH-036,HUB-036,SOUTH,36.04,-98.49
WH-037,HUB-037,CENTRAL,33.58,-108.5
WH-038,HUB-038,EAST,31.7005338566086,-114.35
WH-039,HUB-039,WEST,31.54,-77.62
WH-040,HUB-040,SOUTH,31.28,-110.49
WH-041,HUB-041,SOUTH,29.41,-94.3
WH-043,HUB-043,CENTRAL,38.0,-115.2
WH-044,HUB-044,WEST,32.34,-110.92
WH-045,HUB-045,NORTH,48.33,-74.68
WH-046,HUB-046,SOUTH,34.9,-70.18
WH-047,HUB-047,SOUTH,43.44,-100.65
WH-048,HUB-048,CENTRAL,43.77,-86.53
WH-049,HUB-049,NORTH,44.17,-94.96
WH-050,HUB-050,EAST,26.65,-119.528383009701
WH-051,HUB-051,SOUTH,28.76,-69.87
WH-052,HUB-052,EAST,24.93,-124.59
WH-053,HUB-053,SOUTH,33.49,-98.42
WH-054,HUB-054,WEST,38.48,-96.13
WH-055,HUB-055,EAST,42.43,-67.85
WH-056,HUB-056,SOUTH,39.38,-91.06
WH-057,HUB-057,SOUTH,32.39,-99.53
WH-058,HUB-058,NORTH,27.39,-107.81
WH-059,HUB-059,NORTH,28.43,-109.93
WH-060,HUB-060,CENTRAL,37.94,-82.41
WH-061,HUB-061,SOUTH,24.7,-98.21
WH-062,HUB-062,CENTRAL,38.51,-80.28
WH-063,HUB-063,CENTRAL,39.24,-103.31
WH-064,HUB-064,NORTH,27.56,-89.37
WH-065,HUB-065,WEST,31.7,-82.13
WH-067,HUB-067,NORTH,48.72,-114.37
WH-068,HUB-068,WEST,26.43,-108.900082120668
WH-069,HUB-069,SOUTH,40.55,-67.44
WH-071,HUB-071,CENTRAL,27.31,-75.85
WH-072,HUB-072,WEST,33.7,-111.89
WH-073,HUB-073,SOUTH,25.72,-83.04
WH-074,HUB-074,EAST,31.62,-116.7
WH-075,HUB-075,EAST,42.35,-106.98
WH-076,HUB-076,WEST,35.3,-98.29
WH-077,HUB-077,NORTH,44.27,-84.12
WH-078,HUB-078,CENTRAL,30.39,-112.36
WH-079,HUB-079,WEST,44.4,-113.63
WH-080,HUB-080,WEST,27.9,-97.13
WH-081,HUB-081,EAST,48.4,-111.35
WH-082,HUB-082,CENTRAL,39.92,-118.25
WH-083,HUB-083,SOUTH,31.14,-90.68
WH-084,HUB-084,SOUTH,46.42,-99.72
WH-085,HUB-085,NORTH,27.14,-80.9763304553274
WH-086,HUB-086,EAST,41.76,-102.55
WH-087,HUB-087,NORTH,31.97,-118.65
WH-088,HUB-088,CENTRAL,28.21,-107.89
WH-089,HUB-089,CENTRAL,33.97,-70.6211478796189
WH-090,HUB-090,EAST,33.04,-88.11
WH-091,HUB-091,EAST,37.78,-72.32
WH-092,HUB-092,SOUTH,31.88,-114.94
WH-093,HUB-093,CENTRAL,27.91,-81.7
WH-094,HUB-094,SOUTH,25.78,-92.3138238179848
WH-095,HUB-095,EAST,41.93,-99.68
WH-096,HUB-096,WEST,34.6,-81.62
WH-097,HUB-097,EAST,42.18,-120.55
WH-098,HUB-098,WEST,31.44,-86.98
WH-099,HUB-099,WEST,27.87,-85.53
WH-022,HUB-022,CENTRAL,37.32,-81.76
WH-007,HUB-007,SOUTH,38.04,-101.47
WH-017,HUB-017,CENTRAL,37.12,-117.01
WH-066,HUB-066,WEST,34.35,-74.28
WH-070,HUB-070,NORTH,36.99,-96.92
WH-003,HUB-003,NORTH,34.88,-99.19
WH-021,HUB-021,WEST,46.79,-97.25
WH-042,HUB-042,EAST,26.38,-105.84
WH-100,HUB-100,SOUTH,31.92,-103.33
